id,first_collected_date,published_date,company,region,title,title_original,source,source_url,summary_ko,category,tags
ac6f9f98,2026-06-04,2026-06-01,Careem,GLOBAL,"[EN] Uber, UAE 카림 지분 1억 달러에 인수해 경영권 확보",Uber acquires controlling stake in UAE's Careem from e& in $100 million deal,The National News,https://www.thenationalnews.com/business/markets/2026/06/01/uber-acquires-controlling-stake-in-uaes-careem-for-100-million/,"Uber, e&로부터 카림 지분 12.5% 1억 달러에 재인수 | e& 지분 37.53%로 축소·풋옵션 조항 포함",business,Careem;Uber;M&A
1a314f69,2026-06-04,2026-06-02,Meituan,GLOBAL,"[EN] 메이퇀, 적자 지속에도 배달 전쟁 완화 신호","Meituan posts another loss, but says food-delivery wars are beginning to abate",Inside Retail Asia,https://insideretail.asia/2026/06/02/meituan-posts-another-loss-but-says-food-delivery-wars-are-beginning-to-abate/,"메이퇀, 3분기 연속 적자에도 보조금 경쟁 완화·매출 5.6% 성장 | 중국 당국 플랫폼 가격전쟁 규제 강화 효과",business,Meituan;실적;중국배달
4f834ba1,2026-06-04,2026-06-02,INDUSTRY-GLOBAL,GLOBAL,"[EN] 조마토·스위기·젭토·아마존 인도, 디지털 커머스 정책 연합(DCC) 출범","Zomato, Swiggy, Zepto and Amazon India launch digital commerce policy coalition",Indian Television Dot Com,https://indiantelevision.com/mam/zomato-swiggy-zepto-and-amazon-india-launch-digital-commerce-policy-coalition/,"인도 주요 플랫폼, 규제 대응 위한 디지털 커머스 연합(DCC) 출범 | 긱워커·소비자 보호·데이터 정책 공동 대응 목표",business,INDUSTRY-GLOBAL;인도;규제대응
39335999,2026-06-04,2026-06-02,INDUSTRY-GLOBAL,GLOBAL,"[EN] 인도 노동부, 플랫폼 사업자에 eShram 등록 6월 21일 최종 마감 통보","Zomato, Swiggy, Uber and 12 Others Already Onboarded: Labour Ministry Sets June 21 as Final Deadline for All Aggregators to Register on eShram",SCC Online,https://www.scconline.com/blog/post/2026/06/02/eshram-deadline-aggregators-june-21-gig-workers/,"인도 노동부, 모든 플랫폼 사업자에 6월 21일까지 eShram 등록 의무화 | 조마토·스위기 등 15개사 완료, 미이행 시 사회보장법 위반 제재",delivery,INDUSTRY-GLOBAL;긱워커;플랫폼규제
4507b254,2026-06-04,2026-06-01,쿠팡이츠,KR,"[KO] 하나로마트 양재점, 쿠팡이츠 장보기 서비스 개시","하나로마트 양재점, 쿠팡이츠 '장보기 서비스' 개시",한국농어민신문,https://www.agrinet.co.kr/news/articleView.html?idxno=404659,"농협유통 하나로마트 양재점, 쿠팡이츠 장보기 서비스 6월 1일 시작 | 반경 8km·11시~20시 운영, 전국 13개점 협업 확대",partnership,쿠팡;하나로마트;장보기
7a40bece,2026-06-04,2026-06-01,Zepto,GLOBAL,"[EN] 젭토 카페, 공급망 문제로 운영 축소",Zepto Cafe Scaling Down Operations Amid Supply Chain Issues: Report,Inc42,https://inc42.com/buzz/zepto-cafe-scaling-down-operations-amid-supply-chain-issues-report/,"젭토 카페, 공급망 차질·숙련 인력 부족으로 확장 중단 | 블링킷·인스타마트 시장점유율 확대 속 현금 소모 억제 전략",business,Zepto;퀵커머스;인도
388729a9,2026-06-08,2026-06-04,요기요,KR,"[KO] 요기요, AI 해커톤 '2026 위대한 상상력' 대상에 'AI 메뉴 비서' 선정","""메뉴 이미지 AI가 뚝딱"" 요기요 해커톤 대상 'AI 메뉴 비서'의 정체",머니투데이,https://www.mt.co.kr/tech/2026/06/04/2026060411011436729,"요기요, 구글 클라우드·메가존소프트와 사내 AI 해커톤 개최·대상 선정 | AI 메뉴 비서, 메뉴 이미지 생성·데이터 기반 개선 제안 기능 구현",product,요기요;AI;해커톤
b8e3a88e,2026-06-08,2026-06-08,쿠팡,KR,"[KO] 쿠팡 '로켓나우', 일본 진출 16개월 만에 5대 도시 전국권 확장","쿠팡, 일본서 '배달영토' 넓힌다…'로켓나우' 열도 5대 도시 점령",더구루,https://www.theguru.co.kr/news/article.html?no=102742,"쿠팡 로켓나우, 배달·서비스료 무료 앞세워 일본 5대 도시·전국권 서비스 확장 | 앱 다운로드 600만·입점 음식점 1만 개 돌파",business,쿠팡;로켓나우;일본
dbecda6e,2026-06-08,2026-06-04,INDUSTRY-KR,KR,"[KO] 최저임금위, 배달라이더 등 도급제 근로자 최저임금 별도 적용 첫 심의",최저임금 '얼마'에서 '누구까지'로…배달라이더 적용 논의 본격화,아시아투데이,https://www.asiatoday.co.kr/kn/view.php?key=20260604010001563,"최저임금위 3차 전원회의서 배달라이더·특고 노동자 최저임금 별도 적용 첫 공식 심의 | 노동계-경영계, 도급제 노동자성 기준 놓고 대립",delivery,INDUSTRY-KR;최저임금;배달라이더
5a08d599,2026-06-08,2026-06-03,Gopuff,GLOBAL,"[EN] Gopuff·SpaceXAI, AI 개인 쇼핑 어시스턴트 'Go' 출시","Gopuff and SpaceXAI Launch Go, an AI-Powered Personal Shopping Genius That Predicts and Delivers Orders in Minutes",Gopuff Newsroom,https://www.gopuff.com/newsroom/company-news/gopuff-and-spacexai-launch-go-an-ai-powered-personal-shopping-genius-that-predicts-and-delivers-orders-in-minute,"Gopuff·SpaceXAI, 예측형 장바구니·AI 쇼핑 어시스턴트 'Go' 앱 출시 | 주문 데이터·실시간 X 인사이트 결합, 15분 내 배달 연동",product,Gopuff;AI;SpaceXAI
55f90f07,2026-06-08,2026-06-04,iFood,GLOBAL,"[EN] iFood, 브라질 이용자 120만 명 개인정보 유출 확인",iFood Confirms Data Breach Affecting 1.2 Million Users in Brazil,Hackread,https://hackread.com/ifood-confirms-data-breach-brazil-users/,"iFood, 2025년 12월 해킹으로 고객 120만 명 이름·주소·CPF 유출 확인 | 해커는 4380만 건 탈취 주장, 비밀번호·결제정보는 미포함",business,iFood;데이터유출;보안
61ae4066,2026-06-08,2026-06-04,Instacart,GLOBAL,"[EN] Instacart·Weis Markets, AI 스마트 카트 'Caper Cart' 매장 도입",Instacart and Weis Markets Launch AI-Powered Caper Carts to Transform In-Store Shopping,PR Newswire,https://www.prnewswire.com/news-releases/instacart-and-weis-markets-launch-ai-powered-caper-carts-to-transform-in-store-shopping-302790778.html,"Instacart·Weis Markets, Caper Cart 매장 도입 | 실시간 지출 추적·개인화 쿠폰 및 무인 결제 지원",tech,Instacart;Caper Cart;스마트카트
5ee402b6,2026-06-09,2026-06-03,Wolt,GLOBAL,"[EN] Wolt, 이스라엘서 그룹 주문 별도 결제 기능 세계 최초 출시",Wolt launches group orders with separate payment in Israel,The Jerusalem Post,https://www.jpost.com/consumerism/article-897912,"Wolt, 이스라엘 전 고객 대상 그룹 주문·별도 결제 기능 출시 | 참가자 각자 기기서 선택·결제, 세계 최초",product,Wolt;그룹주문;이스라엘
1745d1c8,2026-06-09,2026-06-05,Delivery Hero,GLOBAL,"[EN] Delivery Hero, 라스트마일 탄소 감축 현황 공개…2032년 친환경 배달 65% 목표","Cutting last-mile delivery emissions: The challenges, priorities and the road ahead",Delivery Hero,https://www.deliveryhero.com/newsroom/cutting-last-mile-delivery-emissions-the-challenges-priorities-and-the-road-ahead/,"DH 글로벌 브랜드, EV 전환·Deliver-E 연합 활동 공개 | 2032년까지 친환경 배달 65% 달성 목표",business,Delivery Hero;EV;친환경
67f0185b,2026-06-10,2026-06-01,Delivery Hero,GLOBAL,"[EN] Prosus, Uber의 Delivery Hero 인수 저지 가능성",Prosus may thwart Uber's bid for Delivery Hero,Sherwood News,https://sherwood.news/tech/prosus-may-thwart-ubers-bid-for-delivery-hero/,"Prosus, EU 규제 면제로 Uber의 Delivery Hero 인수 저지 시도 | 주가 한 달 새 75% 이상 급등",business,Delivery Hero;Uber;Prosus
12c7ecc8,2026-06-10,2026-06-08,Zepto,GLOBAL,"[EN] Zepto IPO 신청서, 고성장·적자 확대·기업가치 불확실성 드러내","Zepto's IPO filing reveals fast growth, bigger losses, and a valuation question nobody's answered yet",TechCrunch,https://techcrunch.com/2026/06/08/zeptos-ipo-filing-reveals-fast-growth-bigger-losses-and-a-valuation-question-nobodys-answered-yet/,"Zepto, 매출 104% 성장에도 순손실 6,170억 원 규모로 확대 | IPO로 약 1조 원 조달 목표·기업가치 미정",business,Zepto;IPO;퀵커머스
30fa4530,2026-06-10,2026-06-08,Zomato,GLOBAL,"[EN] Zomato, Shell과 협력해 여름철 배달 파트너 휴식 공간 제공",Zomato partners with Shell to open summer relief spaces for delivery partners,MediaBrief,https://mediabrief.com/zomato-partners-with-shell/,"Zomato·Shell, 인도 4개 도시 주유소에 배달 파트너 휴식·차량 점검 공간 운영 | 폭염 대응 라이더 복지 지원 확대",delivery,Zomato;Shell;라이더복지
1dffaa6c,2026-06-10,2026-06-09,Gopuff,GLOBAL,"[EN] Gopuff, GrowthLoop과 제휴해 광고 파트너 대상 맞춤형 타겟팅 출시",Gopuff Partners with GrowthLoop to Launch Advanced Audience Targeting for Ad Partners,PR Newswire,https://www.prnewswire.com/news-releases/gopuff-partners-with-growthloop-to-launch-advanced-audience-targeting-for-ad-partners-302795386.html,"Gopuff·GrowthLoop, 퍼스트파티 데이터 기반 맞춤형 오디언스 세분화 기능 제공 | 광고 파트너 캠페인 활성화·성과 가시성 지원",partnership,Gopuff;GrowthLoop;리테일미디어
b7c0912a,2026-06-10,2026-06-08,Foodpanda,GLOBAL,"[EN] 푸드판다, 통근자·배달 라이더 동시 지원 이중 이니셔티브 출시",foodpanda launches dual initiative for commuters and delivery riders,The Manila Times,https://www.manilatimes.net/2026/06/08/tmt-newswire/foodpanda-launches-dual-initiative-for-commuters-and-delivery-riders/2360188,"푸드판다 필리핀, 지프니 무료 탑승 프로그램 및 배달 파트너 팁 더블 이벤트 동시 진행 | 생활비 부담 완화 목적",delivery,Foodpanda;라이더복지;Panda-Malasakit
a038318a,2026-06-15,2026-06-08,요기요,KR,"[KO] 요기요, 2년 만에 앱 개편…""탐색부터 주문까지 끊김 없이""","요기요, 2년 만에 앱 개편…""탐색부터 주문까지 끊김 없이""",아시아경제,https://www.asiae.co.kr/article/2026060810411128272,"요기요, 2024년 이후 2년 만에 앱 UI·UX 전면 개편 | AI 개인화 배너·시즈널 카테고리로 탐색 경로 단축",product,요기요;AI개인화;앱개편
1eb57e80,2026-06-15,2026-06-11,쿠팡,KR,"[KO] 개인정보위, 쿠팡 6247억 '철퇴'…작년 과징금 총액 4배","개인정보위, 쿠팡 6247억 '철퇴'…작년 과징금 총액 4배",ZDNet Korea,https://zdnet.co.kr/view/?no=20260611104544,"개보위, 쿠팡에 역대 최대 과징금 6247억 부과 | 3322만 명 정보 유출·온라인 활동기록 무단 수집 제재",business,쿠팡;과징금;개인정보보호
c3ff3dce,2026-06-15,2026-06-11,DoorDash,GLOBAL,"[EN] DoorDash, 텍스트·사진으로 주문 가능한 AI 챗봇 'Ask DoorDash' 출시",DoorDash's new AI chatbot lets you order with prompts and photos,TechCrunch,https://techcrunch.com/2026/06/11/doordashs-new-ai-chatbot-lets-you-order-with-prompts-and-photos/,"DoorDash, 텍스트·사진 입력으로 주문 완성하는 AI 챗봇 iOS 출시 | 식료품 카트 자동생성·레스토랑 예약 지원, 전국 확대 예정",product,DoorDash;AI챗봇;주문자동화
e38419ee,2026-06-15,2026-06-08,Uber Eats,GLOBAL,"[EN] Uber Eats, 이벤트 연동 플래시 할인 'Deal Drops'·재주문 보상 'Reorder Rewards' 출시",Uber Advertising Launches New Marketing Solutions for Restaurants with Deal Drops and Reorder Rewards,Uber Blog,https://www.uber.com/au/en/blog/deal-drops-and-reorder-rewards/,"Uber Eats, 이벤트 연동 플래시 할인·재주문 자동 보상 광고 도구 출시 | 배달 의사결정 1시간 내 75% 집중…긴급성·반복구매 공략",product,Uber Eats;광고솔루션;퍼포먼스마케팅
df44b04a,2026-06-17,2026-06-16,INDUSTRY-KR,KR,[KO] 배달앱 규제 필요하나 강한 규제는 역효과…공정위·중기부 상생 제도화 추진,"""배달앱 아무 문제 없다 진단하는 사람 아무도 없다...그러나""",ZDNet Korea,https://zdnet.co.kr/view/?no=20260616160438,"배달앱 규제 필요성 공감대 형성…강도 높은 일률 규제 부작용 경고 | 공정위·중기부, 수수료 투명화·협상력 강화·상생법 개정 추진",business,INDUSTRY-KR;규제;배달플랫폼
aa24b042,2026-06-17,2026-06-11,Wolt,GLOBAL,"[EN] Wolt Ads, 신규 고객 유치용 한정 특가 'Fire Deals' 출시",Wolt Ads launches Fire Deals to empower businesses to reach new customers and drive long-term growth,Wolt Newsroom,https://press.wolt.com/en-WW/266805-wolt-ads-launches-fire-deals-to-empower-businesses-to-reach-new-customers-and-drive-long-term-growth/,"Wolt Ads, 미이용 고객 대상 시간제한 특가 Fire Deals 30개국 출시 | 파일럿 결과 신규 고객 20%·매출 35% 증가",product,Wolt;광고;신규고객유치
0cea5ec1,2026-06-17,2026-06-15,Uber Eats,GLOBAL,"[EN] Uber 광고, 라이드 오퍼·프리미엄 Eats 포맷·오프사이트 광고 신규 출시",Uber Advertising Introduces New Solutions to Connect Brands with Consumers—On and Off Uber,Uber Blog,https://www.uber.com/us/en/blog/mobility-offers-premium-eats-formats-offsite/,"Uber Advertising, 라이드·Eats·외부채널 연계 신규 광고 솔루션 공개 | Brand Takeover·Offsite Ads 등 구매 여정 전 단계 커버",product,Uber Eats;광고;브랜드마케팅
e4f33851,2026-06-17,2026-06-16,Foodpanda,GLOBAL,"[EN] 푸드판다, 싱가포르 슈퍼마켓 Sheng Siong 독점 파트너십 체결·1시간 배송 개시","foodpanda launches Sheng Siong partnership with S$280,000 in total giveaways",The Manila Times,https://www.manilatimes.net/2026/06/16/tmt-newswire/media-outreach-newswire/foodpanda-launches-sheng-siong-partnership-with-s280000-in-total-giveaways/2366151,"푸드판다 싱가포르, Sheng Siong 43개 매장 독점 온보딩·1시간 배송 시작 | 론칭 캠페인 S$28만 경품·분기별 주문빈도 7% 증가 배경",partnership,Foodpanda;Sheng Siong;싱가포르
6c53d96d,2026-06-17,2026-06-11,배달의민족,KR,"[KO] 배민, 가게배달에 AI 배달시간 예측 기능 도입",쿠팡이츠 공세 맞선 배민…가게 배달에 AI 예측 기능 적용,전자신문,https://www.etnews.com/20260611000241,"배민, 가게배달에 AI 배달시간 예측 기능 도입 | 준수율 대폭 향상·배달 반경 임시조정 기능도 추가",product,배달의민족;AI;가게배달
77ca71c6,2026-06-18,2026-06-14,INDUSTRY-KR,KR,"[KO] 배민·쿠팡이츠·요기요, 소비기한 임박 식품 마감할인 서비스 본격 개시","""폐기 직전 빵·음식 싸게 산다""…배민·쿠팡이츠·요기요 '마감할인' 본격 개시",전자신문,https://www.etnews.com/20260614000057,"기후에너지환경부·배달 플랫폼 3사, 소비기한 임박 식품 마감할인 서비스 6월 15일 개시 | 음식물 폐기물 감축·소비자 물가 부담 완화 목적",product,INDUSTRY-KR;마감할인;음식물폐기감축
8ba45e94,2026-06-18,2026-06-16,INDUSTRY-KR,KR,[KO] 배달앱 시장 41조원 시대…중형 음식점 '성장 사다리' 끊겼다,"""배달앱 시장 41조원 시대…중형 음식점 '성장 사다리' 끊겼다""",디지털데일리,https://www.ddaily.co.kr/page/view/2026061611040573890,배달앱 시장 28→41조 성장에도 소형·중형 음식점 수익성 악화 지속 | 단체협상권·통합 부담률 공시 등 소상공인 보호 제도화 제언,business,INDUSTRY-KR;소상공인;플랫폼규제
637f93b8,2026-06-18,2026-06-13,먹깨비,KR,"[KO] 경남은행, 공공배달앱 '먹깨비' 탑재…신한은행 '땡겨요'에 도전장",배달앱 키우는 경남은행…'먹깨비'로 땡겨요에 도전장,디지털데일리,https://www.ddaily.co.kr/page/view/2026061217185932827,"BNK경남은행, 공공배달앱 '먹깨비'를 모바일뱅킹에 탑재해 배달 생활플랫폼 시장 진입 | 땡겨요 모델 벤치마킹·경남권 지역밀착형 서비스로 차별화",business,먹깨비;땡겨요;은행배달앱
e52719da,2026-06-22,2026-06-19,INDUSTRY-KR,KR,"[KO] 공정위, 배민·쿠팡이츠 동의의결 기각…수천억 과징금 부과 절차 돌입","배민·쿠팡이츠, 3600억 상생안도 역부족…공정위 동의의결 기각",머니투데이,https://www.mt.co.kr/tech/2026/06/19/2026061818225320533,"공정위, 3600억 상생안 불충분 판단해 동의의결 기각 | 배민 최대 5100억·쿠팡이츠 420억 과징금 절차 개시",business,INDUSTRY-KR;동의의결;과징금
b99cbf08,2026-06-22,2026-06-18,Amazon,IN,"[EN] 아마존, 인도에 100개 이상 도시형 풀필먼트 센터 출범·퀵커머스 품목 4배 확대","Amazon doubles down on expansion of 'Amazon Now', plans to launch over 100 Urban Fulfillment Centers offering 4x more selection delivered in minutes",Amazon Press Center (India),https://press.aboutamazon.com/in/2026/6/amazon-doubles-down-on-expansion-of-amazon-now-plans-to-launch-over-100-urban-fulfillment-centers-offering-4x-more-selection-delivered-in-minutes,"아마존 나우, 100개 이상 도시형 풀필먼트 센터 신설·4배 품목 즉시 배달 확대 | 뱅갈루루 등 5개 도시 우선 출범, 2800크로어루피 투자 일환",product,Amazon;Amazon Now;퀵커머스
dc989bcd,2026-06-23,2026-06-22,Instacart,GLOBAL,"[EN] 인스타카트, 광고주 대상 쇼핑 가능한 세로형 숏폼 영상 피드 'Immersive Feed' 출시",Instacart Introduces New Shoppable Vertical Video Feed for Advertisers,PR Newswire,https://www.prnewswire.com/news-releases/instacart-introduces-new-shoppable-vertical-video-feed-for-advertisers-302805833.html,"인스타카트, 앱 내 세로형 숏폼 피드 'Immersive Feed' 출시 | 브랜드 광고·카트 추가 연동",product,Instacart;쇼핑어블비디오;광고
2f89e8b7,2026-06-24,2026-06-22,컬리,KR,"[KO] 컬리, 프리미엄 식품 특화 AI 검색·추천 도입으로 AX 전환 가속","컬리, 프리미엄 식품 전문 'AI 검색' 도입…AX 확대 속도",전자신문,https://www.etnews.com/20260622000406,"컬리, 식품 MD 노하우 학습한 AI 검색·추천 시범 도입 | AI 솔루션 자회사 편입 등 AX 전환 가속",product,컬리;AI검색;AX
f52ee9eb,2026-06-24,2026-06-21,쿠팡이츠,KR,[KO] 쿠팡이츠 성장세 주춤…배민에 3년 만에 증가율 역전 허용,배민 쫓던 쿠팡이츠 '주춤',한국경제,https://www.hankyung.com/article/2026062189671,"쿠팡이츠 5월 결제액 증가율 14.7%로 배민(18%)에 3년 만에 역전 | 쿠팡이츠, 일반회원 무료배달 확대로 반격",business,쿠팡;배달시장;점유율
c87642f3,2026-06-24,2026-06-23,INDUSTRY-KR,KR,"[KO] 배민·쿠팡이츠, 과징금 리스크 속 여름 배달 시장 총력전…심야 전선 확장","배민·쿠팡이츠, 과징금 변수에 여름 배달 시장 격돌…심야까지 전선 확장",전자신문,https://www.etnews.com/20260623000230,"배민·쿠팡이츠, 무료배달·할인·심야배달로 여름 성수기 점유율 경쟁 격화 | 공정위 동의의결 기각으로 과징금 제재 불확실성 증대",business,INDUSTRY-KR;배달시장;배달의민족
88792357,2026-06-24,2026-06-23,Deliveroo,GLOBAL,"[EN] Deliveroo, Asda와 파트너십 확대…850개 이상 매장으로 커버리지 확장",Asda expands delivery partnership with Deliveroo,Grocery Gazette,https://www.grocerygazette.co.uk/2026/06/23/asda-expands-delivery-partnership-with-deliveroo/,"Asda, Deliveroo 입점 매장 300개 추가해 총 850개 이상으로 확대 | 월드컵 시즌 심야 배송 수요 대응·심야까지 운영시간 연장",partnership,Deliveroo;Asda;파트너십
6d84c0a5,2026-06-25,2026-06-24,Uber Eats,GLOBAL,"[EN] Uber Eats, 미국 5개 신규 리테일러 입점…뷰티·오피스·스포츠 등 비식품 카테고리 확장","Uber Eats Adds New U.S. Retailers Expanding Selection Across Beauty, Office Supplies, Sporting Goods and More",Uber Investor Relations,https://investor.uber.com/news-events/news/press-release-details/2026/Uber-Eats-Adds-New-U-S--Retailers-Expanding-Selection-Across-Beauty-Office-Supplies-Sporting-Goods-and-More/default.aspx,"Uber Eats, 뷰티·오피스용품·스포츠 등 5개 신규 리테일러 미국 서비스 추가 | 음식 앱에서 멀티카테고리 리테일 플랫폼으로 진화 지속",product,Uber Eats;리테일배달;비식품카테고리
a4a4dee3,2026-06-25,2026-06-22,INDUSTRY-KR,KR,"[KO] BCG ""한국 퀵커머스 5조→15조 성장 전망…뷰티·PET·의약품 유망""","BCG ""韓 퀵커머스 5조→15조 간다…뷰티·PET·의약품 유망""",서울경제,https://www.sedaily.com/article/20058351,"BCG 한국 퀵커머스 5조→15조 전망, 뷰티·PET·의약품 유망 카테고리 | 음식배달플랫폼이 고객접점·라스트마일 경쟁력으로 퀵커머스 생태계 중심",business,INDUSTRY-KR;퀵커머스;BCG
75fa1827,2026-06-25,2026-06-18,Shopee,GLOBAL,"[EN] Shopee, 브라질 퀵커머스 'Entrega Turbo' 론칭…Uber Direct 물류망 활용",Shopee launches quick commerce in Brazil,The Low Down - Momentum Works,https://thelowdown.momentum.asia/shopee-launches-quick-commerce-in-brazil/,"Shopee 브라질서 Uber Direct 활용 즉시배달 Entrega Turbo 론칭 | SEA와 달리 자체 fleet 미보유, 단기 시장 검증 후 자체 물류망 구축 가능성",product,Shopee;퀵커머스;라틴아메리카
06bffc19,2026-06-29,2026-06-23,Just Eat Takeaway,GLOBAL,"[EN] 저스트잇테이크어웨이, 식당용 노코드 AI 플랫폼 '토칸클로' 출시",Empowering restaurants with effortless AI tools to make their business grow,Just Eat Takeaway.com Newsroom,https://newsroom.justeattakeaway.com/en-WW/267359-empowering-restaurants-with-effortless-ai-tools-to-make-their-business-grow/,프로수스와 공동 개발한 노코드 AI 플랫폼 '토칸클로' 출시 | 식당이 직접 대시보드·자동화 워크플로 구축,tech,Just Eat Takeaway;AI;노코드
4de88b59,2026-06-30,2026-06-24,DoorDash,GLOBAL,"[EN] 도어대시, 자동차 부품 카테고리 진출…앱서 즉시배달",DoorDash Expands Into The On-Demand Auto Parts Category,DoorDash Newsroom,https://about.doordash.com/en-us/news/doordash-auto-category,AutoParts.com 제휴로 자동차 부품 20만종 앱서 주문 가능 | 독립 부품 유통망 활용해 평균 1시간 내 배달,business,DoorDash;auto-parts;new-vertical
b1ed9ab0,2026-06-30,2026-06-28,DoorDash,GLOBAL,"[EN] 도어대시, 상업용 부동산 이미지 서비스 출시",DoorDash launches Ground Level Images With Precisely For Commercial Property Data,Yahoo Finance,https://finance.yahoo.com/markets/stocks/articles/doordash-dash-launches-ground-level-090735719.html,Precisely와 배달망 활용해 상업용 부동산 고해상도 이미지 온디맨드 수집 | 부동산·보험·리테일·통신·유틸리티 대상,business,DoorDash;Precisely;enterprise-data
e2641649,2026-06-30,2026-06-29,Zomato,GLOBAL,"[EN] 조마토, 기업용 식사비 정산 'Food Reimbursements' 출시",Zomato enters enterprise expenses with food reimbursements feature,Indiantelevision.com,https://indiantelevision.com/mam/zomato-enters-enterprise-expenses-with-food-reimbursements-feature/,기업 대시보드서 일일 식사 예산 배정·월 단위 통합 청구 | 임직원 선결제 없이 적격 주문 회사 직접 정산,product,Zomato;enterprise;B2B
447d5266,2026-07-07,2026-07-06,네이버,KR,"[KO] [단독] 네이버, 독자 물류사업 진출…""우리도 직배송""","[단독] 네이버, 독자 물류사업 진출…""우리도 직배송""",한국경제,https://www.hankyung.com/article/2026070686471,"네이버, 첫 자체 물류센터 구축해 직배송 진출 | 수도권 거점 확보 후 전국 물류망 확대 추진",delivery,네이버;물류센터;직배송
b63d1115,2026-07-07,2026-06-30,컬리,KR,"[KO] 컬리, 美 현지 물류 깔고 유통망 키운다","컬리, 美 현지 물류 깔고 유통망 키운다",다음뉴스,https://v.daum.net/v/20260630155902957,"컬리, 美 동·서부 3PL 냉동 물류거점 구축 | 오프라인·B2B로 유통망 확대 및 K푸드 수출 지원",business,컬리;미국진출;물류
9de76a10,2026-07-07,2026-07-01,Uber Eats,GLOBAL,"[EN] 우버이츠, 영국서 청소년용 부모 감독 계정 출시",Uber Launches Eats Accounts for Teens in the UK,Uber Newsroom,https://www.uber.com/gb/en/newsroom/eats-for-teens-uk/,13~17세 대상 부모 감독형 주문 계정 출시 | 지출한도·주문알림 등 안전기능 탑재,product,Uber Eats;청소년계정;영국
505310b4,2026-07-07,2026-07-02,Foodpanda,GLOBAL,"[EN] 대만 공정위, 그랩의 푸드판다 대만 인수 심사",Trade Commission Reviews Grab Bid for Foodpanda Taiwan,Taiwan News,https://www.taiwannews.com.tw/news/6393766,그랩의 191억 대만달러 푸드판다 대만 인수 심사 | 시장독점·우버 지분 통제 여부 검토,business,Foodpanda;그랩;대만
74fa56a5,2026-07-07,2026-07-04,Delivery Hero,GLOBAL,"[EN] 딜리버리히어로, B2B 클라우드 키친 인프라 확장",The Delivery Hero cloud kitchens - Delivery Hero SE builds out its B2B food infrastructure,ad-hoc-news.de,https://www.ad-hoc-news.de/boerse/news/ueberblick/the-delivery-hero-cloud-kitchens-delivery-hero-se-builds-out-its-b2b/69690024,80개국 공유주방 네트워크 B2B 인프라로 운영 | 배달전용 브랜드에 마켓플레이스 연동 주방 임대,business,Delivery Hero;클라우드키친;B2B
8a722a8d,2026-07-07,2026-06-24,出前館(Demae-can),GLOBAL,"[JP] ""배달은 비싸다""는 상식이 바뀐다? '가게 가격' 등장으로 배달이 똑똑한 선택으로","「デリバリーは高い」の常識が変わる！？価格を気にして気軽には使いづらかった時代から「時間と心の余裕」を買う時代へ新常識「お店価格」の登場で、デリバリーは日常を支える""賢い選択""へシフト",PR TIMES,https://prtimes.jp/main/html/rd/p/000000531.000029254.html,"데마에칸, 20~50대 750명 배달 인식 조사 발표 | '가게 가격' 도입에 응답자 52% 이용 의향",business,出前館(Demae-can);설문조사;가게가격
25a444eb,2026-07-07,2026-07-06,INDUSTRY-GLOBAL,GLOBAL,"[EN] 우버, 유럽 음식배달 신규 진출 대부분 보류",Uber Pauses Most Planned European Food Delivery Launches,DMR News,https://digitalmarketreports.com/news/74151/uber-pauses-most-planned-european-food-delivery-launches/,"우버, 7개국 중 5개국 유럽 진출 계획 보류 | 딜리버리히어로 인수 추진 속 반독점 우려 반영",business,INDUSTRY-GLOBAL;우버;딜리버리히어로
f1deb2b1,2026-07-08,2026-07-06,INDUSTRY-KR,KR,"[KO] 구글 지도+제미나이 AI, 주문·배달까지?…배민·쿠팡이츠·요기요에 일격 가할까","[이슈&논란] 구글 지도+제미나이 AI, 이젠 주문·배달까지?…배민·쿠팡이츠·요기요 배달앱 체제에 일격 가할까",뉴스스페이스,https://www.newsspace.kr/news/article.html?no=14652,"구글, 지도·제미나이 AI로 음식 주문·배달 통합 추진 | 국내 배달앱 시장 구조 변화 가능성",tech,INDUSTRY-KR;구글;AI
d5825241,2026-07-08,2026-07-07,INDUSTRY-KR,KR,"[KO] 배민도 쿠팡이츠도 요기요도…""우리 앱에서만 가능합니다""","배민도, 쿠팡이츠도, 요기요도…""우리 앱에서만 가능합니다""",디지털데일리,https://www.ddaily.co.kr/page/view/2026070715413315860,"배달앱 경쟁, 할인서 독점 콘텐츠·브랜드 협업으로 전환 | 3사 단독 메뉴·굿즈로 승부",business,INDUSTRY-KR;배달앱;브랜드협업
23772b3a,2026-07-08,2026-07-07,Swiggy,GLOBAL,[EN] 스위기 외국인 지분 50% 아래로 하락,Swiggy's foreign shareholding falls below 50%,Storyboard18,https://www.storyboard18.com/brand-marketing/swiggy-now-indian-owned-as-foreign-investment-drops-below-50-ws-l-103405.htm,스위기 외국인 지분 50% 미만으로 하락 | 국내 투자자 과반 확보로 인도 소유 기업 자격,business,Swiggy;인도;지분구조
9edd7235,2026-07-08,2026-07-01,出前館(Demae-can),GLOBAL,"[JP] 데마에칸, '명점' 필터 가동… 저품질 매장을 선택지에서 제외 가능",出前館、「名店」フィルター始動　低品質店を選択肢から省けるように,CNET Japan,https://news.yahoo.co.jp/articles/d934939bc596736278d7de4995f90f1556db9d95,"데마에칸, '명점' 필터 기능 출시 | 리뷰·주문량 기반 월별 평가로 우수 매장 노출",product,出前館(Demae-can);명점필터;매장품질
08dfae87,2026-07-08,2026-06-30,iFood,GLOBAL,[PT] 배달은 줄이고 식권·신용 확대… 케이타·99에 맞서는 아이푸드의 대응,"Menos delivery, mais VR e crédito: como o iFood reage às investidas de Keeta e 99",InvestNews,https://investnews.com.br/negocios/ifood-estrategia-servicos/,"아이푸드, 가격경쟁 대신 서비스 다각화로 대응 | 핀테크·식권·로열티로 고객 이탈 방지",business,iFood;서비스다각화;핀테크
b733d966,2026-07-08,2026-06-30,INDUSTRY-GLOBAL,GLOBAL,"[EN] 또 다른 대형 레스토랑 플랫폼, 드론 배달 도입",Another Major Restaurant Platform Turns to Drone Delivery,DRONELIFE,https://dronelife.com/2026/06/30/restaurant-drone-delivery-wonder-zipline-texas/,"원더, 지플라인과 손잡고 텍사스 드론 배달 | 2027년 댈러스 시작으로 매장 확대",delivery,INDUSTRY-GLOBAL;드론배달;Zipline
30e703c6,2026-07-08,2026-07-06,INDUSTRY-GLOBAL,GLOBAL,"[EN] 스타십, 캠퍼스 로봇 1,200대를 식료품 배달로 전환","Starship Technologies moves 1,200 campus robots to grocery delivery",Fox News,https://www.foxnews.com/tech/starship-delivery-robots-leave-campuses-cities,"스타십, 캠퍼스 배달 접고 도심 식료품 배달로 전환 | 로봇 1,200대 재배치해 배달비 절감",delivery,INDUSTRY-GLOBAL;배달로봇;Starship
99af241f,2026-07-08,2026-07-07,INDUSTRY-KR,KR,"[KO] 서울고법 ""종속관계 배달 라이더는 근로자""…노동자성 인정 첫 판결","""배달 라이더도 근로자로 봐야""…항소심, 노동자성 인정 첫 판결",경향신문,https://www.khan.co.kr/article/202607072139005,"항소심, 지휘·명령 받는 종속관계 라이더는 근로기준법상 근로자 첫 판단 | 노조, 판결 근거로 건당 최저임금 논의 재개 촉구",delivery,INDUSTRY-KR;노동자성;판결
f13b70c7,2026-07-09,2026-07-05,쿠팡,KR,[KO] '탈팡' 외쳤지만 결제액 5조 육박…쿠팡 떠나지 못한 3500만명,"'탈팡' 외쳤지만 결제액 5조 육박… 쿠팡 떠나지 못한 3,500만 명",다음뉴스,https://v.daum.net/v/20260705164003180,"쿠팡 지난달 결제액 4조8337억원으로 회복 | MAU 3509만명, 탈팡 운동 효과 제한적",business,쿠팡;결제액;탈팡
d0945635,2026-07-09,2026-07-08,Manna,GLOBAL,"[EN] 자율 드론 배달 스타트업 마나, 미국 대규모 확장 추진",Autonomous drone delivery startup Manna plots major US expansion,TechCrunch,https://techcrunch.com/2026/07/08/autonomous-drone-delivery-startup-manna-plots-major-u-s-expansion/,5천만 달러 조달 후 오클라호마 툴사에 운영·제조 허브 구축 | 12개월 내 미국 6개 도시 추가 검토,delivery,Manna;드론배달;미국확장
9c06b49f,2026-07-09,2026-06-25,배달의민족,KR,"[KO] 배민, 업계 최초 더치페이 기능 선보인다","""누가 얼마 내지?"" 끝…배민, 업계 최초 더치페이 기능 선보인다",디지털데일리,https://www.ddaily.co.kr/page/view/2026062517065532961,"배민, 국내 배달업계 최초 더치페이 기능 출시 | 균등·메뉴별 정산, 배민페이로 앱 내 완결",product,배달의민족;더치페이;함께주문
0c3c63cf,2026-07-13,2026-07-10,쿠팡,KR,"[KO] 쿠팡, 간편결제 참전…로켓페이 나온다","쿠팡, 간편결제 참전…로켓페이 나온다",한국경제,https://www.hankyung.com/article/2026071086211,"쿠팡, 로켓페이로 범용 간편결제 시장 연내 진출 | 네이버·카카오·토스와 경쟁하며 종합 금융 확장 포석",business,쿠팡;간편결제;로켓페이
3847000f,2026-07-13,2026-07-01,INDUSTRY-KR,KR,"[KO] 배달앱 입점업체, 수수료·정산 단체협상 길 열린다","배달앱 입점업체, 수수료·정산 단체협상 길 열린다",머니투데이,https://www.mt.co.kr/economy/2026/07/01/2026063020013677697,"공정위, 소상공인 단체협상·공동행동 담합 규제 면제 허용 | 배달앱 수수료·정산 조건 협상 길 열려",business,INDUSTRY-KR;배달앱수수료;공정위
78239788,2026-07-13,2026-07-09,Just Eat Takeaway,GLOBAL,"[EN] JET 주주, 2026년 7월 24일 전까지 프로수스로 주식 자발적 이전 가능","JET shareholders can voluntarily transfer their shares to Prosus before 24 July 2026, 15.00 hours CET",Just Eat Takeaway,https://newsroom.justeattakeaway.com/en-WW/267966-jet-shareholders-can-voluntarily-transfer-their-shares-to-prosus/,항소법원 공정가 판정 후 자발적 이전 시 주당 21유로 수령 | 프로수스의 JET 인수 마무리 위한 주식 이전 절차,business,Just Eat Takeaway;Prosus;주식이전
0aecad9e,2026-07-13,2026-07-03,出前館(Demae-can),GLOBAL,"[JP] 몬테로자×데마에칸, '매장 가격으로 데마에칸' 참여 점포 576개로 확대",（株）モンテローザ×出前館、「お店価格で出前館」の参加店舗を拡大！魚民・目利きの銀次・山内農場など576店舗が、全商品お店と同じ価格（※1）で注文可能に。,沖縄タイムス,https://www.okinawatimes.co.jp/articles/-/1873061,"데마에칸, 몬테로자 산하 576개 점포로 '매장 가격' 프로그램 확대 | 우오타미·메키키노긴지 등 전 상품 매장과 동일 가격 주문 가능",partnership,出前館(Demae-can);モンテローザ;매장가격
a37a36cb,2026-07-13,2026-07-10,INDUSTRY-GLOBAL,GLOBAL,[EN] 2026년은 미국 드론 배송이 마침내 이륙하는 해가 될까,Is 2026 the year that U.S. drone delivery finally clears for takeoff?,The Drone Girl,https://www.thedronegirl.com/2026/07/10/us-drone-delivery-growth-boom-2026/,"구글 윙, 휴스턴 배송 허브 8곳 추가해 13곳으로 확대 | 마나, 오클라호마 털사에 미국 본사·제조 거점 신설",delivery,INDUSTRY-GLOBAL;드론배송;Wing
b3e3abd8,2026-07-13,2026-07-07,iFood,GLOBAL,"[PT] iFood, 올해 파트너용 신규 AI 도구 출시 예정","“ifood deve lançar este ano novas ferramentas de IA para parceiros”, diz head de Experiência do Restaurante",Mercado&Consumo,https://mercadoeconsumo.com.br/07/07/2026/destaque-do-dia/ifood-deve-lancar-este-ano-novas-ferramentas-de-ia-para-parceiros-diz-head-de-experiencia-do-restaurante/,"iFood, 올해 가맹점용 신규 AI 도구 출시 예정 | WhatsApp 비서 'Cris' 보완·운영데이터 인사이트 제공",product,iFood;AI;Cris
52b2533f,2026-07-14,2026-07-10,出前館,GLOBAL,[JP] 2026년 7월 우버이츠·데마에칸 등 푸드딜리버리 4사 최신 동향 총정리,【2026年7月】Uber Eatsや出前館などフードデリバリー4社の最新動向を徹底解説,livedoor News,https://news.livedoor.com/article/detail/31792442/,"우버이츠·데마에칸·볼트·menu 4사 7월 동향 정리 | 데마에칸, DiDi와 서비스 연계 발표",business,出前館;업계동향;DiDi
fa311ab1,2026-07-14,2026-07-10,Meituan,GLOBAL,"[EN] 메이퇀, 즉시배송 가격전쟁 손실 후 인력 감축",Meituan Cuts Jobs After Costly Instant-Retail Price War,Caixin Global,https://www.caixinglobal.com/2026-07-10/meituan-cuts-jobs-after-costly-instant-retail-price-war-102462931.html,"메이퇀, 두 달간 2천 명 미만 감원 단행 | 즉시배송 가격 경쟁 손실·일부 부서 20~40% 축소",business,Meituan;구조조정;즉시배송
5a92795b,2026-07-14,2026-07-13,Wolt,GLOBAL,"[EN] 볼트, 함께 주문 시 분할결제 기능 글로벌 출시",No more one person picking up the bill: Wolt launches split payments for ordering together globally,Wolt,https://press.wolt.com/en-WW/267274-no-more-one-person-picking-up-the-bill-wolt-launches-split-payments-for-ordering-together-globally/,"볼트, 그룹 주문 개인별 분할결제 기능 글로벌 확대 | 이스라엘·핀란드·독일 이어 13개국 추가",product,Wolt;분할결제;그룹주문
646d7218,2026-07-14,2026-07-08,DoorDash,GLOBAL,"[EN] 도어대시, 2분기 로컬커머스 리포트… 생필품 안정·외식 물가 상승",Household Goods Show Stability as Restaurant Prices Keep Rising: DoorDash's Q2 State of Local Commerce Update,DoorDash,https://about.doordash.com/en-us/news/q2-2026-local-commerce,"도어대시 2분기 로컬커머스 리포트, 생필품 지수 전년比 보합 | 외식·치즈버거 지수 상승·도시별 물가 격차 분석",business,DoorDash;물가;로컬커머스
ae5b3b6b,2026-07-15,2026-07-14,컬리,KR,"[KO] 컬리, 하반기 강남에 첫 매장 낸다…채용 공고 떴다","컬리, 하반기 강남에 첫 매장 낸다…채용 공고 떴다",마이데일리,https://www.mydaily.co.kr/page/view/2026071411174541541,컬리 창사 첫 상시 오프라인 매장 강남권 추진 | 큐레이션 체험공간 콘셉트로 채용 공고 게재,business,컬리;오프라인매장;강남
580f19c1,2026-07-15,2026-07-08,DoorDash,GLOBAL,[EN] 워싱턴 D.C.에서 곧 음식 배달 비용이 조금 더 오른다,That Food Delivery Is Soon Going To Cost You a Little More in D.C.,NOTUS,https://www.notus.org/metro/ubereats-doordash-delivery-fee-dc,"워싱턴DC 의회, 제3자 음식 배달에 20센트 수수료 부과 승인 | 연 660만 달러로 저소득층 식품 지원 프로그램 재원 마련",business,DoorDash;배달수수료;워싱턴DC
3d23cd2e,2026-07-15,2026-07-14,Zepto,GLOBAL,"[EN] IPO 앞둔 제프토, '셀렉트' 출시로 프리미엄 식료품 시장 공략",IPO-bound Zepto eyes premium grocery segment with 'Select' launch,Storyboard18,https://www.storyboard18.com/brand-makers/zepto-launches-select-premium-grocery-service-ahead-of-ipo-zepto-select-grocery-service-ipo-ws-l-104233.htm,"IPO 준비 중인 제프토, 프리미엄 식료품 서비스 '셀렉트' 출시 | 수입·프리미엄 상품을 경쟁력 있는 가격으로 차별화",product,Zepto;프리미엄식료품;IPO
405de195,2026-07-15,2026-07-15,Delivery Hero,GLOBAL,"[KO] 배민도 우버 품으로?…獨 DH, M&A 공식화","배민도 우버 품으로?…獨 DH, M&A 공식화",EBN,https://news.nate.com/view/20260715n12849,"DH, 우버의 자발적 공개매수 제안·심도 협상 공식 인정 | 거래 규모 100억~120억유로 추산·21일 배민 매각 본입찰 변수",business,Delivery Hero;우버;M&A
ec0c60c1,2026-07-16,2026-07-13,Uber Eats,GLOBAL,"[EN] 우버 제품 총괄이 말하는 호텔·로보택시, 그리고 '모두에게 모든 것'이 되지 않으려는 이유","Uber's product chief on hotels, robotaxis, and why the company doesn't want to be 'everything for everyone'",TechCrunch,https://techcrunch.com/2026/07/13/ubers-product-chief-on-hotels-robotaxis-and-why-the-company-doesnt-want-to-be-everything-for-everyone/,여행·자율주행 확장하되 핵심 집중 전략 유지 | 이츠 장바구니 어시스턴트 등 AI 기능 도입,business,Uber Eats;로보택시;AI
9cb392fa,2026-07-16,2026-07-15,Zomato,GLOBAL,"[EN] 조마토, 음식 주문용 AI 음성봇 시범 도입",Zomato Piloting AI-Powered Voice Bot For Food Delivery,Inc42,https://inc42.com/buzz/zomato-piloting-ai-powered-voice-bot-for-food-delivery/,벵갈루루 일부 사용자 대상 대화형 음성 주문봇 시범 | AI 챗봇·내부 평가툴 등 AI 투자 확대,tech,Zomato;AI;음성봇
8e1ba79a,2026-07-20,2026-07-16,DoorDash,GLOBAL,[EN] 이제 커맨드라인에서 도어대시 주문 가능,"Yes, you can now order DoorDash from the command line",TechCrunch,https://techcrunch.com/2026/07/16/yes-you-can-now-order-doordash-from-the-command-line/,"도어대시, 개발자·AI 에이전트용 dd-cli 베타 출시 | 터미널서 매장 검색·주문, 에이전틱 커머스 확장",tech,DoorDash;CLI;에이전틱커머스
9006392e,2026-07-20,2026-07-17,Uber Eats,GLOBAL,"[EN] 우버이츠, 이제 비디오 게임·콘솔·게이밍 액세서리 문앞 배달","Uber Eats Now Delivers Physical Video Games, Consoles, and Gaming Accessories Straight to Your Door",LEVEL UP,https://www.levelup.com/en/news/uber-eats-now-delivers-physical-video-games-consoles-and-gaming-accessories-straight-to-your-door/,"우버이츠, 게임스톱 제휴로 게임·콘솔 배달 시작 | 미국서 앱 통해 온디맨드 주문 가능",partnership,Uber Eats;게임스톱;리테일배달
a1513856,2026-07-20,2026-07-16,Instacart,GLOBAL,"[EN] 구글 AI 모드, 인스타카트 등 일부 앱 연동·조작 지원",Google's AI Mode now lets you link and interact with select apps,TechCrunch,https://techcrunch.com/2026/07/16/googles-ai-mode-now-lets-you-link-and-interact-with-select-apps/,"구글 AI 모드, 인스타카트·캔바·유튜브 연동 지원 | 대화형 검색서 장바구니 담기 등 작업 수행",tech,Instacart;구글;AI모드
486ca182,2026-07-20,2026-07-19,Rappi,GLOBAL,"[EN] 라피, 2년 연속 흑자 달성하며 순이익 6,480만 달러 기록",Rappi Earned US$64.8M in Its Second Consecutive Profit Year,Colombia One,https://colombiaone.com/2026/07/19/rappi-earned-us64-million-second-consecutive-profit-year/,"2025년 순이익 6,480만 달러로 2년 연속 흑자 | 전년 대비 두 배 이상 증가, 매출 2억3,655만 달러",business,Rappi;실적;흑자
6c394fe9,2026-07-20,2026-07-16,iFood,GLOBAL,"[PT] 아이푸드, AI 어시스턴트에 원클릭 주문 기능 추가",Atualização na IA do iFood permite fazer pedidos com um clique; saiba como funciona,O Tempo,https://www.otempo.com.br/tecnologia-e-games/2026/7/16/atualizacao-na-ia-do-ifood-permite-fazer-pedidos-com-um-clique-saiba-como-funciona,왓츠앱 AI 어시스턴트 '아일로'에 원클릭 주문 도입 | 구매 이력 기반 자동 장바구니 구성과 Pix 결제 통합,product,iFood;AI;주문
577e0e1d,2026-07-20,2026-07-15,出前館(Demae-can),GLOBAL,"[JP] 데마에칸, 26년8월기 최종적자 78억엔으로 확대…주문수 예상 하회",出前館の26年8月期、最終赤字78億円に拡大 オーダー数見込み届かず,日本経済新聞,https://www.nikkei.com/article/DGXZQOUC156Z20V10C26A7000000/,"데마에칸, 26년8월기 최종적자 78억엔으로 38억엔 확대 | 물가고에 주문수 예상 하회·매출 392억엔",business,出前館(Demae-can);실적;적자
76c73f8c,2026-07-21,2026-07-16,Instacart,GLOBAL,"[EN] Instacart, 실시간 매대 인텔리전스 기업 Arpalus 인수",Instacart Acquires Arpalus to Advance Real-Time Shelf Intelligence Across Grocery Retail,PR Newswire,https://www.prnewswire.com/news-releases/instacart-acquires-arpalus-to-advance-real-time-shelf-intelligence-across-grocery-retail-302827054.html,컴퓨터비전으로 매대 영상을 실시간 재고 데이터화하는 기업 인수 | 쇼퍼 60만명 네트워크 활용해 재고 정확도·AI 쇼핑 강화,tech,Instacart;Arpalus;AI
342f1265,2026-07-21,2026-07-15,Swiggy,GLOBAL,"[EN] Swiggy·HPCL, 온디맨드 LPG 가스통 배달 서비스 출시","Swiggy, HPCL Launch On-Demand LPG Cylinder Delivery",Whalesbook,https://www.whalesbook.com/news/English/consumer-products/Swiggy-HPCL-Launch-On-Demand-LPG-Cylinder-Delivery/6a57a4455cb7edf90c31a9c5,"인스타마트 앱으로 벵갈루루서 LPG 가스통 주문 배달 개시 | 10kg 복합·5kg 금속 가스통 제공, 빈 통 교환 방식",partnership,Swiggy;HPCL;퀵커머스
7dabddf0,2026-07-22,2026-07-20,컬리,KR,[KO] 장바구니 이어 옷장까지…패션 큐레이션 강화하는 컬리,장바구니 이어 옷장까지…패션 큐레이션 강화하는 컬리,한국경제,https://www.hankyung.com/article/202607203425g,TPO별 코디 제안 콘텐츠 '스타일노트' 4회차 발행 | 장보기 큐레이션 역량을 패션 개인화 추천으로 확장,business,컬리;패션;큐레이션
9bb019cf,2026-07-22,2026-07-13,쿠팡이츠,KR,"[KO] ""차지 밀크티도 배달된다""…쿠팡이츠, 배달 서비스 개시","""차지 밀크티도 배달된다""…쿠팡이츠, 배달 서비스 개시",네이트뉴스(마이데일리),https://news.nate.com/view/20260713n31098,"프리미엄 티 브랜드 '차지' 서울 5개 매장 첫 입점 | 8월까지 일반회원 배달비 0원, 입점 확대 계획",partnership,쿠팡;차지;배달제휴
249c14ba,2026-07-22,2026-07-21,Deliveroo,GLOBAL,"[EN] Tesco, 퀵커머스에 Deliveroo·Uber Eats 추가 입점",Tesco adds Deliveroo and Uber to q-commerce offering,Grocery Gazette,https://www.grocerygazette.co.uk/2026/07/21/tesco-adds-deliveroo-and-uber-to-q-commerce-offering/,"8월 Uber Eats 시작, 여름 중 Deliveroo로 확대 | 두 앱에서도 클럽카드 포인트·가격 혜택 적용",partnership,Deliveroo;Uber Eats;Tesco
6b293716,2026-07-23,2026-07-20,쿠팡,KR,"[KO] 네이버쇼핑의 쿠팡 잡기, 마지막 퍼즐은 배송 경쟁력",네이버쇼핑의 쿠팡 잡기…마지막 퍼즐은 배송 경쟁력,비즈워치,https://news.bizwatch.co.kr/article/consumer/2026/07/20/0026,네이버 N배송 FBN 베타 출시로 배송 강화 | 에셋라이트 전략으로 쿠팡 물류에 대응,delivery,쿠팡;네이버;배송
ce2c2682,2026-07-23,2026-07-22,Zomato,GLOBAL,"[EN] Zomato 모회사 Eternal, FY27 1분기 순이익 92억 루피·사업부 이전 발표","Zomato Parent Eternal Reports Rs 92 Crore Profit For Q1 FY27, Announces Business Transfer",Free Press Journal,https://www.freepressjournal.in/business/zomato-parent-eternal-reports-92-crore-profit-for-q1-fy27-announces-business-transfer,"Eternal, FY27 1분기 순이익 92억 루피로 전년비 3배↑ | Nugget by Zomato 사업 자회사에 350억 루피 이전",business,Zomato;실적;Eternal
6ea75cfb,2026-07-23,2026-07-17,Matternet,GLOBAL,"[EN] 매터넷, Beeline과 협력해 미국 드론배송 확장 가속",Matternet taps Beeline to accelerate US drone delivery expansion,DroneDJ,https://dronedj.com/2026/07/17/matternet-drone-delivery-beeline-uas/,"매터넷, FAA 파트135 사업자 Beeline과 제휴 | 샌프란시스코·LA BVLOS 드론배송 확장 집중",delivery,Matternet;드론배송;Beeline
df7128f3,2026-07-27,2026-07-24,배달의민족,KR,"[KO] 배민, 새 로봇 인증 취득해 다음달 출격…자율주행 배달 성능도 UP","배민, 새 로봇 인증 취득해 다음달 출격…자율주행 배달 성능도 UP",전자신문,https://www.etnews.com/20260724000106,"신형 배달로봇 딜리 X3-R, 실외이동로봇 운행안전 인증 취득 | 8월 강남 논현 B마트 투입, 자율주행 비중 99%",delivery,배달의민족;배달로봇;자율주행
ac714583,2026-07-27,2026-07-27,쿠팡이츠,KR,"[KO] 배달앱 '장거리 배달' 경쟁 점화…쿠팡이츠, 배달 권역 넓힌다","배달앱 '장거리 배달' 경쟁 점화…쿠팡이츠, 배달 권역 넓힌다",전자신문,https://www.etnews.com/20260727000195,"8월 24일부터 '옆동네 인기 맛집' 부산 등서 시범 운영 | 업주 부담 없이 권역 확대, 고객은 거리별 배달비 부담",product,쿠팡;쿠팡이츠;장거리배달
31366f6b,2026-07-27,2026-07-13,땡겨요,KR,"[KO] 서울 공공배달앱, 점유율 2.64%→7.7%… 한 자릿수지만 변화의 신호","서울 공공배달앱, 점유율 2.64%→7.7%… 한 자릿수지만 변화의 신호",천지일보,https://www.newscj.com/news/articleView.html?idxno=3416467,"서울 공공배달앱 상반기 매출 819억원, 전년비 2배 이상 | 가맹점 6만2000곳·회원 291만명, 점유율은 한 자릿수",business,땡겨요;공공배달앱;점유율
6928ad2a,2026-07-27,2026-07-22,땡겨요,KR,[KO] 공공배달 쿠폰 덕에 컸지만…배달앱 '땡겨요' 두고 점주들 불만 까닭,공공배달 쿠폰 덕에 컸지만…배달앱 '땡겨요' 두고 점주들 불만 까닭,일요신문,https://www.ilyo.co.kr/?ac=article_view&entry_id=511970,"쿠폰으로 성장했지만 배차 지연·고객 응대 부담에 점주 불만 | MAU 1월 327만→4월 228만, 배달비는 민간 앱과 유사",business,땡겨요;공공배달앱;배차지연
53b5025b,2026-07-27,2026-07-21,INDUSTRY-KR,KR,[KO] 배민 품는 우버…공정위는 무엇을 따져볼까,배민 품는 우버…공정위는 무엇을 따져볼까,ZDNet Korea,https://zdnet.co.kr/view/?no=20260721154039,우버의 딜리버리히어로 인수로 공정위 기업결합 심사 쟁점 부상 | 멤버십·데이터 연계에 따른 락인 효과가 핵심 검토 대상,business,INDUSTRY-KR;우버;공정거래위원회
fb3d1604,2026-07-27,2026-07-15,INDUSTRY-KR,KR,[KO] 소비자·라이더 모두 웃는다…배달앱이 로봇에 꽂힌 이유,소비자·라이더 모두 웃는다…배달앱이 로봇에 꽂힌 이유,이코노미스트,https://economist.co.kr/article/view/ecn202607150006,라이더 45만→40만 감소와 퀵커머스 성장에 배달로봇 확대 | 배민·요기요 운영 지역 넓히며 라이더 보완 수단으로 활용,delivery,INDUSTRY-KR;배달로봇;자율주행
8faecfbb,2026-07-27,2026-07-16,DoorDash,GLOBAL,"[EN] DoorDash, 뉴멕시코 자율배달 도입 위한 규제 기반 마련 착수",DoorDash is laying the groundwork to bring autonomous deliveries to NM,KUNM,https://www.kunm.org/public-health-new-mexico/2026-07-16/doordash-auto-robot-delivery-comes-coming-to-nm-new-mexico,"배달로봇 '닷' 뉴멕시코 주의회 시연 | 로봇당 10만 달러 보험 등 모델법 제안, 지자체는 반발",delivery,DoorDash;자율배달;규제
32b3edff,2026-07-27,2026-07-24,Zomato,GLOBAL,"[EN] 블링킷, 아마존의 진열대를 겨냥한다",Blinkit is coming for Amazon's shelf,Business Today,https://www.businesstoday.in/markets/story/blinkit-is-coming-for-amazons-shelf-544999-2026-07-24,"1분기 조정매출 전년비 552% 급증, 매장 2443개 | 자체 재고 비중 90%로 리테일 인프라 전환",business,Zomato;Blinkit;퀵커머스
3905b490,2026-07-27,2026-07-17,INDUSTRY-GLOBAL,GLOBAL,"[EN] 우버, 딜리버리히어로 인수로 아프리카 배달 주도권 확보","Uber Takes Over Africa's Top Ordering Apps, Creating Delivery Powerhouse",WeeTracker,https://weetracker.com/2026/07/17/uber-delivery-hero-acquisition-glovo-talabat-africa/,우버가 148억 달러 전액 현금으로 딜리버리히어로 인수 | 글로보·탈라바트 통해 아프리카 7개국 거점 확보,business,INDUSTRY-GLOBAL;Uber;Delivery Hero
eaafaa95,2026-07-27,2026-07-23,Deliverect,GLOBAL,"[EN] 딜리버렉트-사운드하운드AI, 음성 주문 완전 자동화 채널 구축 제휴",Deliverect and SoundHound AI Partner to Turn Voice Into a Fully Automated Ordering Channel for Restaurants,Yahoo Finance,https://finance.yahoo.com/technology/ai/articles/deliverect-soundhound-ai-partner-turn-123000067.html,음성 AI 에이전트를 주문관리 시스템에 직접 연동 | 550개 POS 연동·100개 언어·8만 매장 지원,partnership,Deliverect;SoundHound AI;음성주문
592c5c24,2026-07-27,2026-07-24,Flipkart,GLOBAL,"[EN] 플립카트, 신규 음식배달 플랫폼으로 조마토·스위기에 도전",Flipkart to take on Zomato and Swiggy with a new food delivery platform; All details,Business Today,https://www.businesstoday.in/technology/news/story/flipkart-to-take-on-zomato-and-swiggy-with-a-new-food-delivery-platform-all-details-544989-2026-07-24,몇 주 내 일부 도시부터 단독 앱·본앱 통합 형태로 출시 | ONDC 연동 추진하며 전국 규모 배달 사업 목표,business,Flipkart;음식배달;인도
07e91826,2026-07-27,2026-07-23,DoorDash,GLOBAL,"[EN] 도어대시, 배달 난이도 반영해 소비자 수수료 구조 개편",DoorDash is Updating Fees to Better Match Delivery Effort,DoorDash Newsroom,https://about.doordash.com/en-us/news/updating-our-fee-structure,서비스 수수료를 거리·주문 규모 등 배달 난이도에 연동 | 최근 주문 70%는 수수료 동일하거나 인하,product,DoorDash;수수료;가격정책
fb407168,2026-07-27,2026-07-14,DoorDash,GLOBAL,"[EN] 도어대시, 쇼피파이와 직접 연동…오프라인 소매점 온디맨드 배달",DoorDash Integrates Directly with Shopify to Connect Brick-and-Mortar Retailers with On-Demand Delivery,DoorDash Newsroom,https://about.doordash.com/en-us/news/doordash-integrates-directly-with-shopify,"쇼피파이 앱스토어 내 네이티브 판매 채널로 도어대시 추가 | 미국 오프라인 매장 대상, 재고 자동 동기화·해외 확대 예정",partnership,DoorDash;Shopify;리테일
783ec4ea,2026-07-28,2026-07-27,배달의민족,KR,[KO] 배민 '가게배달'도 라이더 위치 확인…주요 배달대행 6개사 연동 완료,배민 '가게배달'도 라이더 위치 확인…주요 배달대행 6개사 연동 완료,전자신문,https://www.etnews.com/20260727000314,"배민, 바로고·생각대로 등 배달대행 6곳과 라이더 위치정보 연동 완료 | 가게배달 물량 약 70%에서 배달원 실시간 위치 확인 가능",delivery,배달의민족;라이더;배달대행
fbb4d2d3,2026-07-28,2026-07-15,배달의민족,KR,[KO] 배민B마트 확대 vs 쿠팡나우 재시동…퀵커머스 경쟁 재점화,배민B마트 확대 vs 쿠팡나우 재시동…퀵커머스 경쟁 재점화,전자신문,https://www.etnews.com/20260715000391,"배민B마트, 광주·목포 등 지방 PPC 추가로 권역 확대 | 쿠팡이츠는 쿠팡나우 시범 운영하며 퀵커머스 경쟁 재점화",business,배달의민족;B마트;퀵커머스
3e545b6e,2026-07-28,2026-07-20,컬리,KR,[KO] 반년새 1조원 카드 긁었다…'상장 재도전' 실적 질주하는 컬리,반년새 1조원 카드 긁었다…'상장 재도전' 실적 질주하는 컬리,한국경제,https://www.hankyung.com/article/202607204836i,마켓컬리 상반기 카드결제액 9518억원으로 반기 사상 최대 | 네이버 제휴·수익구조 개선 속 IPO 재도전에 긍정 신호,business,컬리;IPO;실적
bb775ffb,2026-07-28,2026-07-21,INDUSTRY-KR,KR,[KO] '배달·숙박·오픈마켓' 들여다보는 공정위…입점업체 상대 '신종갑질' 실태파악 나선다,‘배달·숙박·오픈마켓’ 들여다보는 공정위…입점업체 상대 ‘신종갑질’ 실태파악 나선다,아시아경제,https://view.asiae.co.kr/article/2026072109234427185,"공정위, 배달·숙박·오픈마켓 3개 분야 입점업체 실태조사 착수 | 수수료·정산·환불정책과 거래데이터 미제공 등 신종갑질 점검",business,INDUSTRY-KR;공정거래위원회;규제
73723f0b,2026-07-28,2026-07-23,DoorDash,GLOBAL,"[EN] 더 케그, DoorDash 독점으로 창사 첫 배달 서비스 시작",The Keg Is Now Available for Delivery Exclusively on DoorDash,DoorDash IR,https://ir.doordash.com/news/news-details/2026/The-Keg-Is-Now-Available-for-Delivery-Exclusively-on-DoorDash/default.aspx,50년 역사상 첫 배달을 DoorDash 독점으로 제공 | 북미 100개 매장서 스테이크·디저트 주문 가능,partnership,DoorDash;독점제휴;외식브랜드
6c09b6e5,2026-07-28,2026-07-14,Instacart,GLOBAL,"[EN] 인스타카트, 트랙터서플라이와 제휴해 반려동물·농업용품 당일배송","Instacart and Tractor Supply Partner to Deliver Pet Supplies, Farm Essentials, and Everything in Between for Life Outside",Instacart Newsroom,https://company.instacart.com/pressreleases/instacart-and-tractor-supply-partner-to-deliver-pet-supplies-farm-essentials-and-everything-in-between-for-life-outside,"미국 2400여 개 트랙터서플라이 매장 당일배송 연동 | 사료·농자재 1시간 배송, 가격 인상 없이 제공",partnership,Instacart;트랙터서플라이;당일배송
baab80b2,2026-07-28,2026-07-17,Meituan,GLOBAL,"[ZH] 메이투안, 무편집 영상 인증 도입…배달 가맹점 주방·홀 실황 공개","美团推""一镜到底""验真，外卖商家后厨、堂食等实况公开展示",新浪财经,https://finance.sina.com.cn/tech/it/2026-07-17/doc-iniickaw4173316.shtml,"편집 없는 원테이크 영상으로 주방·홀 실황 공개 | 약 120만 가맹점 업로드, 6월 5만9천 곳 퇴출",product,Meituan;식품안전;가맹점관리
b0ac2ec3,2026-07-28,2026-07-15,Meituan,GLOBAL,"[EN] 키타, 홍콩 LEAP East에서 사우디 사업 백서 공개",Keeta Unveils Whitepaper at LEAP East in Hong Kong,INTLBM,https://intlbm.com/2026/07/15/keeta-unveils-whitepaper-at-leap-east-in-hong-kong/,사우디-중국 협력 속 배달 플랫폼 역할 담은 백서 공개 | 진출 후 가맹점 5만·라이더 2만5천 확보 성과 제시,business,Meituan;키타;사우디
f14df669,2026-07-28,2026-07-21,NTT동일본,GLOBAL,"[JP] NTT동일본, 도쿄 미드타운 야에스서 로봇 배송 본격 가동",東京ミッドタウン八重洲でロボット配送サービスを本格始動 LINE注文とデジタルツイン活用により、館内飲食店とオフィスをつなぐ新たな施設体験を提供,NTT東日本,https://www.ntt-east.co.jp/release/detail/20260721_01.html,LINE 주문·디지털트윈 기반 관내 로봇 배송 본격 가동 | 미쓰이부동산·NAVER Cloud와 협력해 식당~오피스 연결,delivery,NTT동일본;배송로봇;NAVER Cloud
46ed6a16,2026-07-28,2026-07-15,INDUSTRY-GLOBAL,GLOBAL,"[EN] 퀵커머스 식료품 배송, 주류 장보기 수단으로 자리매김","Rapid delivery cements itself as a 'mainstream' grocery option, report says",Supply Chain Dive,https://www.supplychaindive.com/news/rapid-delivery-cements-itself-as-a-mainstream-grocery-option-report-says/824859/,온라인 식료품 구매자 약 38%가 퀵배송을 주 경로로 이용 | 도어대시가 처음으로 인스타카트 이용률 추월,business,INDUSTRY-GLOBAL;퀵커머스;그로서리
a0ecb53b,2026-07-28,2026-07-27,INDUSTRY-GLOBAL,GLOBAL,[EN] 시카고 배달로봇 100대 확산과 보도 안전 논란,What to know about Chicago's delivery robots and the debate over them,Chicago Sun-Times,https://chicago.suntimes.com/business/2026/delivery-robots-chicago-food-coco-robotics,"코코·서브 로보틱스 로봇 100대 운행에 주민 반발 확산 | 사고 신고 950건·청원 4천명, 시범사업은 2027년까지",delivery,INDUSTRY-GLOBAL;배달로봇;코코로보틱스
262dac0d,2026-07-28,2026-07-26,RIVR,GLOBAL,"[EN] RIVR, 험지·악천후 환경으로 배달로봇 시험 확대",RIVR Expands Delivery Robot Trials Across Harsh Terrain and Extreme Weather,HOKANEWS,https://www.hokanews.com/2026/07/rivr-expands-delivery-robot-trials.html,"아마존 투자 RIVR, 눈·비·계단 등 험지 주행 시험 확대 | 연중 상시 운행 신뢰성 확보가 상용화 전제",delivery,RIVR;배달로봇;자율주행
2bd88949,2026-07-29,2026-07-16,Uber Eats,GLOBAL,"[EN] 풋락커, 우버이츠와 손잡고 1000여 개 매장 즉시배송 확대","Foot Locker, Kids Foot Locker and Champs Sports Expand On-Demand Retail Delivery Access Through New Uber Eats Partnership",PR Newswire,https://www.prnewswire.com/news-releases/foot-locker-kids-foot-locker-and-champs-sports-expand-on-demand-retail-delivery-access-through-new-uber-eats-partnership-302826761.html,풋락커·챔프스포츠 1000여 개 매장 우버이츠 입점 | 신학기 겨냥한 우버이츠 리테일 카테고리 확장,partnership,Uber Eats;리테일배송;풋락커
72bc5ccc,2026-07-29,2026-07-28,Instacart,GLOBAL,"[EN] 인스타카트 스마트 카트, 영국 모리슨스 매장에 첫 도입",Instacart's smart trolleys are now available at Morrisons Preston in the UK,Morrisons Corporate,https://www.morrisons-corporate.com/media-centre/corporate-news/instacarts-smart-trolleys-are-now-available-at-morrisons-preston-in-the-uk/,AI 케이퍼 카트가 상품 자동 인식·실시간 계산 지원 | 미국·호주 100개 도시 운영 이어 영국 첫 진출,tech,Instacart;스마트카트;영국
1e681988,2026-07-29,2026-07-15,Rappi,GLOBAL,"[ES] 방코 갈리시아, 자사 앱 벗어나 라피에서 금융상품 판매",Banco Galicia sale de su app para distribuir productos financieros en Rappi,iupana,https://iupana.com/2026/07/15/banco-galicia-finanzas-embebidas-en-rappi/,API 기반 임베디드 금융으로 라피 내 상품 유통 | 라이더·가맹점·소비자로 접점 동시 확대,partnership,Rappi;임베디드금융;중남미
6679cae4,2026-07-29,2026-07-24,iFood,GLOBAL,"[PT] 아이푸드, 자체배달 강제 철회…우수 평점 식당은 유지 허용",iFood volta atrás e restaurantes bem avaliados poderão manter entrega própria,55content,https://55content.com.br/noticia/ifood-volta-atras-e-restaurantes-bem-avaliados-poderao-manter-entrega-propria/,평점 3~5점 식당은 아이푸드 물류 이용 선택제로 전환 | 1~2점 식당만 하이브리드·전면 이관 중 선택,delivery,iFood;배달정책;브라질
beac2364,2026-07-29,2026-07-27,INDUSTRY-GLOBAL,GLOBAL,[EN] 퀵커머스의 요란한 귀환,The Raucous Return of Rapid Delivery,Modern Delivery,https://moderndelivery.substack.com/p/the-raucous-return-of-rapid-delivery,하이비·테스코 등 대형 식료품 체인 30분 배송 참전 | 블링킷 첫 흑자 등 신흥시장 중심으로 성과 집중,business,INDUSTRY-GLOBAL;퀵커머스;식료품배송
ee0414e9,2026-07-29,2026-07-29,배달의민족,KR,"[KO] [단독] 딥웹에 해커 ""배민 이용자 4,200만명 정보 판매"" 주장…우아한형제들 ""당사 데이터 아닌 것으로 확인""","[단독] 딥웹에 해커 ""배달의민족 이용자 4,200만명 정보 판매"" 주장…우아한형제들 ""당사 데이터 아닌 것으로 확인""",데일리시큐,https://www.dailysecu.com/news/articleView.html?idxno=207829,"딥웹서 배민 이용자 4200만명 정보 800달러 판매 주장 | 우아한형제들, 샘플 대조 결과 당사 데이터 아님 확인",business,배달의민족;개인정보유출;보안
0927100d,2026-07-30,2026-07-29,DoorDash,GLOBAL,"[EN] DoorDash, 자체 드론배달 사업 'DoorDash Air' 출범",DoorDash is building its own drone delivery business,TechCrunch,https://techcrunch.com/2026/07/29/doordash-is-building-its-own-drone-delivery-business/,FAA Part 135 항공운송 인증 취득하고 자체 드론 사업 출범 | Wing·Flytrex 제휴 유지하며 자율배달 플랫폼으로 통합 운영,delivery,DoorDash;드론배달;FAA
6d2caaaf,2026-07-30,2026-07-29,Uber Eats,GLOBAL,"[EN] 우버이츠, 미국 전역 지역 식료품 체인 5곳 신규 입점",Uber Eats Welcomes New Regional Grocery Partners Across the U.S.,Uber IR,https://investor.uber.com/news-events/news/press-release-details/2026/Uber-Eats-Welcomes-New-Regional-Grocery-Partners-Across-the-U-S-/default.aspx,Busch's·Hays·Lowe's Market 등 지역 식료품 체인 5곳 입점 | Uber One 회원 배달비 무료로 그로서리 선택폭 확대,partnership,Uber Eats;그로서리;파트너십
67ec881a,2026-08-03,2026-08-03,땡겨요,KR,[KO] 수수료 2%·지자체 동맹…땡겨요가 찾은 '착한 배달앱 생존 공식',수수료 2%·지자체 동맹…땡겨요가 찾은 '착한 배달앱 생존 공식',이코노미스트,https://economist.co.kr/article/view/ecn202607300027,"가입자 910만명, 상반기 주문액 3706억원으로 전년비 195% 급증 | 중개수수료 2%와 60여 지자체 지역화폐 연동이 성장 동력",business,땡겨요;수수료;지자체
cf0ad493,2026-08-03,2026-07-28,INDUSTRY-KR,KR,"[KO] 우버가 노린 韓 음식 배달 시장, 올해 더 커진다…역대 최대 전망","우버가 노린 韓 음식 배달 시장, 올해 더 커진다…역대 최대 전망",전자신문,https://www.etnews.com/20260728000094,올해 국내 음식배달 거래액 43조원대로 역대 최대 전망 | 무료배달·최소주문 완화와 커피·디저트 품목 확대가 성장 견인,business,INDUSTRY-KR;시장전망;음식배달
87f2e173,2026-08-03,2026-07-30,iFood,GLOBAL,"[PT] 아이푸드, 피자 전용 배달가방·알고리즘으로 배송 사고 줄인다","Na disputa do delivery, iFood lança mochila especial e usa algoritmo para reduzir falhas",Exame,https://exame.com/marketing/apos-keeta-ifood-lanca-mochila-especial-e-usa-algoritmo-para-reduzir-falhas-no-delivery/,상파울루 피자부터 전용 백 프로·숙련 배달원 매칭 도입 | 6개월 테스트서 피자 배달 사고 80% 이상 감소,delivery,iFood;배달품질;브라질
a6e569f9,2026-08-03,2026-07-24,INDUSTRY-GLOBAL,GLOBAL,[EN] 퀵커머스는 채널이 아니라 습관이 됐다…커니 보고서,"Quick commerce is becoming a habit, not a channel, Kearney study finds",Mass Market Retailers,https://massmarketretailers.com/quick-commerce-is-becoming-a-habit-not-a-channel-kearney-study-finds/,"소비자 19%가 30분 내 배달 상시 이용, 리테일러 충성도 하락 | 퀵커머스 이용자 71%가 AI 쇼핑 에이전트 수용 의향",business,INDUSTRY-GLOBAL;퀵커머스;소비자트렌드
62373eca,2026-08-03,2026-07-30,Kroger,GLOBAL,"[EN] 크로거, AI 쇼핑 어시스턴트 전사 서비스로 확대 적용",Kroger releases AI Shopping Assistant storewide,Supermarket News,https://www.supermarketnews.com/grocery-technology/kroger-releases-ai-shopping-assistant-storewide,웹·앱 전반에 식단 계획·장바구니 자동 구성 AI 도입 | 쇼핑목록 사진과 레시피 URL 인식해 상품 자동 담기,product,Kroger;AI;그로서리
706d8cc8,2026-08-04,2026-08-04,쿠팡이츠,KR,[KO] [단독] '적과의 동침' 택한 이마트…'쿠팡이츠' 퀵서비스 올라탄다,[단독]'적과의 동침' 택한 이마트...'쿠팡이츠' 퀵서비스 올라탄다,머니투데이,https://www.mt.co.kr/living/2026/08/04/2026080313401745068,"이마트, 쿠팡이츠 퀵커머스 파일럿 도입 | 6개 점포서 신선식품·생활용품 판매",partnership,쿠팡;이마트;퀵커머스
2240bd77,2026-08-04,2026-08-03,땡겨요,KR,[KO] '돈 먹는 하마' 배달앱 왜 할까…신한·하나은행 속내는?,'돈 먹는 하마' 배달앱 왜 할까…신한·하나은행 속내는?,이코노미스트,https://economist.co.kr/article/view/ecn202607290052,"신한·하나은행, 배달앱으로 소상공인 데이터 확보 | 신한 직접운영·하나 제휴 방식 차이",business,땡겨요;하나은행;먹깨비
41da0303,2026-08-04,2026-08-04,INDUSTRY-KR,KR,[KO] 멈춰 선 배달앱 성장세…'치킨게임' 끝에 플랫폼 생태계 쟁탈전,멈춰 선 배달앱 성장세…'치킨게임' 끝에 플랫폼 생태계 쟁탈전,이투데이,https://www.etoday.co.kr/news/view/2610625,국내 배달앱 성장률 둔화…생태계 경쟁 심화 | 멤버십·퀵커머스·B2B로 사업 다각화,business,INDUSTRY-KR;삼정KPMG;배달앱시장
11a33525,2026-08-04,2026-07-27,Deliveroo,GLOBAL,"[EN] Deliveroo Media, 구글 애드매니저로 프로그래매틱 온사이트 광고 출시",DELIVEROO MEDIA LAUNCHES PROGRAMMATIC ON-SITE ADS THROUGH GOOGLE AD MANAGER,Deliveroo Newsroom,https://deliveroo.co.uk/more/news-articles/google-programmatic-ads,"Deliveroo, 주문추적 화면에 프로그래매틱 광고 도입 | 영·프·이탈리아·UAE 4개국 동시 적용",product,Deliveroo;광고;구글애드매니저
68268c1b,2026-08-05,2026-08-03,배달의민족,KR,"[KO] ""장마·폭염에도 25분 컷""…배민, 더 빠르고 가벼워진 배달로봇 투입","""장마·폭염에도 25분 컷""…배민, 더 빠르고 가벼워진 배달로봇 투입",머니투데이,https://www.mt.co.kr/tech/2026/08/03/2026080309241199566,"배민, 신형 경량 배달로봇 딜리 X3-R 실전 투입 | 속도·주행거리 개선, 하반기 확대 계획",delivery,배달의민족;로봇배달;딜리
a8a8b102,2026-08-05,2026-08-05,쿠팡,KR,"[KO] 김범석 쿠팡 의장 ""탈팡족 대부분 돌아왔다""…쿠팡이츠·대만 확장 가속",김범석 쿠팡Inc 의장 “탈팡족 대부분 돌아왔다”…쿠팡이츠·대만 새벽배송 확장 속도,마이데일리,https://www.mydaily.co.kr/page/view/2026080508523976444,"쿠팡, 2분기 고객지출 16% 회복·물류투자 유지 결정 | 쿠팡이츠 수익화 단계 진입·비식품 배달 확장",business,쿠팡;쿠팡이츠;실적
35ce2049,2026-08-05,2026-07-22,컬리,KR,"[KO] 컬리, 美 진출·네이버 증자 힘입어 IPO 재도전","[生기업TALK] 컬리 , 美 진출·네이버 유상증자...몸값 3조 '상장 재도전'",시사캐스트,http://www.sisacast.kr/news/articleView.html?idxno=97851,"컬리, 1분기 흑자전환 딛고 IPO 재도전 선언 | 美 냉동물류 거점·네이버 330억 증자 참여",business,컬리;IPO;네이버
32e76cc0,2026-08-05,2026-08-04,INDUSTRY-KR,KR,"[KO] 백화점은 외국인 특수, 마트는 배달 습격에 이중고",백화점 새 동력은 외국인…마트는 '배달의 습격'에 속앓이,뉴스핌,https://www.newspim.com/news/view/20260803001174,"백화점 매출 20%↑, 대형마트·SSM 두자릿수 역성장 | 편의점·퀵커머스 배달 확산에 식품매출 잠식",business,INDUSTRY-KR;퀵커머스;유통
c45983be,2026-08-05,2026-08-04,INDUSTRY-KR,KR,"[KO] 공정위, 반복 담합 기업 영업정지 추진…배달앱 감시 강화","공정위, 반복 담합 기업 영업정지 추진…배달앱·AI 구독 감시 강화",ZDNet Korea,https://zdnet.co.kr/view/?no=20260804181623,"공정위, 반복 담합 기업 영업정지·등록취소 추진 | 배달앱·오픈마켓 수수료·정산기간 심층 조사",business,INDUSTRY-KR;공정위;배달앱수수료
ae7c8367,2026-08-05,2026-08-04,INDUSTRY-KR,KR,"[KO] 이재명 대통령, 배달앱 수수료 항목 공개 조치 주문","[하반기 업무보고]李 ""배달앱 수수료 항목 공개 등 중기부·공정위 조치해달라""(종합)",아시아경제,https://view.asiae.co.kr/article/2026080419061582255,"李대통령, 배달앱 수수료 항목 공개 조치 지시 | 소상공인 부채·공공배달앱 대안도 논의",business,INDUSTRY-KR;배달앱수수료;공정위
ad352446,2026-08-05,2026-08-04,INDUSTRY-KR,KR,"[KO] 주병기 공정위원장 ""배달앱 수수료 상한제, 법률상 가능""","주병기 공정위원장 ""배달앱 수수료 상한제 법률상 가능…영세 소상공인 부담 낮출 것""",전자신문,https://www.etnews.com/20260804000349,"주병기 위원장, 배달앱 수수료 상한제 법률상 가능 시사 | 배달앱 독과점·평균 이상 수수료율 지적",business,INDUSTRY-KR;수수료상한제;공정위
352171e0,2026-08-05,2026-08-04,INDUSTRY-GLOBAL,GLOBAL,"[EN] 퀵커머스도 포인트 적립, 로열티 격차 좁히기",Closing the loyalty gap: how quick-commerce is also earning points,Grocery Gazette,https://www.grocerygazette.co.uk/2026/08/04/loyalty-quick-commerce/,"우버이츠·딜리버루, 넥타·클럽카드 등 슈퍼마켓 포인트 연동 확대 | 테스코 whoosh도 8월 우버이츠 합류 예정",partnership,INDUSTRY-GLOBAL;로열티;퀵커머스
20bb8743,2026-08-05,2026-08-05,배달의민족,KR,"[KO] 배민, 셀프서비스 메뉴관리 지면 통합·개선",배민셀프서비스 메뉴 관리 지면 통합·개선,배민 사장님광장,https://ceo.baemin.com/notice/14635,메뉴판 편집·메뉴옵션 관리 지면을 메뉴관리로 통합 | 8월 20일 적용·기존 설정 유지,product,배달의민족;UI개편;메뉴관리
daa7390b,2026-08-05,2026-07-22,요기요,KR,"[KO] 요기요, 배경사진·가게로고 셀프서비스 설정 기능 추가",배경사진 및 가게로고사진 셀프서비스 기능 추가 안내,요기요 사장님포털,https://partner.yogiyo.co.kr/content/view/가게관리_배경사진로고사진_260723,"요기요, 배경사진·로고 셀프서비스 직접 설정 가능 | 7월 23일 적용·심사 1~2일 소요",product,요기요;가게관리;셀프서비스
896a4d1f,2026-08-06,2026-08-05,쿠팡이츠,KR,"[KO] [단독] 쿠팡이츠, 로켓배송 물류망 활용한 퀵커머스 '쿠팡나우' 시동","[단독] 쿠팡이츠, 로켓배송 물류망 활용한 퀵커머스 '쿠팡나우' 시동",바이라인네트워크,https://byline.network/2026/08/05_1298273/,"다크스토어 대신 CLS 서브FC 활용해 제주서 퀵커머스 '쿠팡나우' 개시 | 1시간 내 배송·1만5000원 무료배송, 이츠마트 임대료 부담 극복 모델",product,쿠팡;퀵커머스;물류
e02fbcc2,2026-08-06,2026-08-05,배달의민족,KR,"[KO] 배민, 서울시와 협업…외국인 대상 'K배달' 문화 확산 나선다","배민, 서울시와 협업…외국인 대상 'K배달' 문화 확산 나선다",서울경제,https://www.sedaily.com/article/20075906,"우아한형제들, 서울시와 미식관광·지역경제 활성화 MOU 체결 | '한강 밤핑' 연계 외국인 전용 프로모션 페이지·다국어 안내 운영",partnership,배달의민족;서울시;외국인
3af56da8,2026-08-06,2026-08-03,INDUSTRY-KR,KR,[KO] [단독] 배민 수수료·쿠팡 정산기간 공개한다…당정 '플랫폼 상생법' 추진,[단독] 배민 수수료·쿠팡 정산기간 공개한다…당정 '플랫폼 상생법' 추진,한국경제,https://www.hankyung.com/article/202608031140i,"중기부, 상생협력법에 온라인플랫폼 포함해 동반성장평가 도입 추진 | 배달앱 동반성장 체감도 49.1점, 온플법과 투트랙으로 연내 개정 목표",business,INDUSTRY-KR;규제;상생협력법
646467e3,2026-08-06,2026-08-05,DoorDash,GLOBAL,"[EN] 도어대시 ""에이전틱 주문은 아직 미미…자체 AI 성과는 뚜렷""","DoorDash Says Agentic Traffic Is Low, but AI Gains Are Not",PYMNTS,https://www.pymnts.com/news/delivery/2026/doordash-says-agentic-traffic-is-low-but-ai-gains-are-not/,"토니 슈 CEO, AI 파트너발 에이전틱 주문량은 여전히 낮다고 진단 | 자체 주문 에이전트·카탈로그 자동생성 성과, 2분기 매출 36% 증가",tech,DoorDash;AI;실적
8d6002b8,2026-08-06,2026-07-27,Meituan,GLOBAL,"[EN] 메이투안, 소비자용 샤오투안·상인용 CatPaw AI 동시 공개","Meituan Fires AI Double-Barrel: Consumer-Facing ""Xiaotuan"" Can Place Orders and Book Reservations, Merchant-Facing CatPaw Empowers 90,000 Employees with Smart Tools",BigGo Finance,https://finance.biggo.com/news/eeb47279-41eb-440f-a6bd-fde65860d01c,"샤오투안이 주문·차량호출·예약까지 직접 실행, 2800여 도시 커버 | 상인용 AI 플랫폼 CatPaw는 사내 9만명이 3만개 에이전트 구축",tech,Meituan;AI에이전트;가맹점툴
09789a08,2026-08-06,2026-07-31,배달의민족,KR,"[KO] 배달의민족, 배민배달 배달권역 2km 반경 이상 유지 조항 약관 신설",배민배달 이용약관 일부 개정 안내,배민 사장님광장,https://ceo.baemin.com/notice/14628,배민배달 배달권역 2km 반경 이상 유지 조항 신설 | 1km 이하 축소 시 사유 통지·8월 31일 시행,delivery,배달의민족;배달권역;약관
9e05a2d6,2026-08-06,2026-08-04,요기요,KR,"[KO] 요기요, 사장님사이트 부가세신고자료 매출항목 통합",요기요 부가가치세 신고자료 개선사항 안내,요기요 사장님포털,https://partner.yogiyo.co.kr/content/view/부가가치세_신고자료_개선사항_260804,요기요 부가세신고자료 매출양식서 온라인 휴대폰 항목 삭제 | 온라인 기타에 합산 제공·7월 1일부터 적용,business,요기요;정산;세무
e4b7c4c0,2026-08-10,2026-08-07,쿠팡이츠,KR,"[KO] 세븐일레븐, 쿠팡이츠와 손잡고 퀵커머스 확대","세븐일레븐, 쿠팡이츠와 손잡고 퀵커머스 확대",뉴스핌,https://www.newspim.com/news/view/20260807000102,"세븐일레븐, 전국 1500여 점포서 쿠팡이츠 배달 개시 | 31일까지 배달비 무료·연내 24시간 배달 강화",partnership,쿠팡;세븐일레븐;퀵커머스
c380dd19,2026-08-10,2026-08-06,쿠팡이츠,KR,"[KO] ""이젠 카카오톡서 쿠팡이츠 주문""…AI 에이전트 '첫 연동'","""이젠 카카오톡서 쿠팡이츠 주문""…AI 에이전트 '첫 연동'",한국경제,https://www.hankyung.com/article/202608068189g,"카카오, AI 에이전트 첫 파트너로 쿠팡이츠 선정 | 카톡 대화창서 음식 추천·주문·결제까지 처리",partnership,쿠팡;카카오;AI에이전트
413fde4e,2026-08-10,2026-08-07,쿠팡,KR,"[KO] 쿠팡, 상품 탐색·비교 돕는 AI 기능 도입…""고객 쇼핑 경험 대폭 개선""","쿠팡, 상품 탐색·비교 돕는 AI 기능 도입…""고객 쇼핑 경험 대폭 개선""",바이라인네트워크,https://byline.network/2026/08/07_2928173/,"쿠팡, 올해 AI 상품 비교·인포그래픽 등 5개 기능 적용 | 상품 상세페이지 전반으로 AI 확대 계획",product,쿠팡;AI;쇼핑경험
339b1ac3,2026-08-10,2026-08-05,Swiggy,GLOBAL,"[EN] Swiggy, 인스타마트 독점 상품 전략 공개","Swiggy outlines exclusive product strategy for Instamart, sees cash break-even in two quarters",Entrackr,https://entrackr.com/news-analysis/swiggy-outlines-exclusive-product-strategy-for-instamart-sees-cash-break-even-in-two-quarters-12232612,"Swiggy, 인스타마트 전용 SKU·자체 브랜드 확대하는 '스위치 투 베터' 시작 | 2개 분기 내 현금 손익분기 달성 목표",business,Swiggy;퀵커머스;PB상품
daa04fd6,2026-08-10,2026-08-05,Manna,GLOBAL,"[EN] Manna CEO, 미국 거점으로 털사를 택한 이유",Manna CEO Explains Why Drone Firm Chose Tulsa for U.S. Hub,Food On Demand,https://foodondemand.com/08052026/manna-ceo-explains-why-drone-firm-chose-tulsa-for-u-s-hub/,"Manna, 아일랜드 운영 중단하고 미 오클라호마 털사에 드론 거점 구축 | 1년 내 털사 가구 90% 커버·3년간 1000명 고용 목표",delivery,Manna;드론배달;미국진출
87ae37fc,2026-08-11,2026-08-07,배달의민족,KR,"[KO] 41.4℃ 찍은 '불금', 배달앱 불났다...""외식 대신 집으로""","41.4℃ 찍은 '불금', 배달앱 불났다...""외식 대신 집으로""",머니투데이,https://www.mt.co.kr/tech/2026/08/07/2026080709120930980,폭염에 7월 31일 배민 주문 전주 금요일 대비 30% 급증 | 우아한청년들 동행쉼터 전국 확대·생수 70만병 배포,business,배달의민족;폭염;주문증가
0ef16437,2026-08-11,2026-08-06,INDUSTRY-GLOBAL,GLOBAL,[EN] 자동화가 바꾸는 풀필먼트와 라스트마일 배송,How Automation is Transforming Fulfillment and Last-Mile Delivery,Robotics & Automation News,https://roboticsandautomationnews.com/2026/08/06/how-automation-is-transforming-fulfillment-and-last-mile-delivery/103949/,"배송비 절반이 라스트마일, 3PL 자동화가 주문당 수익성 좌우 | 스타십 자율배송 1000만건 돌파, 건당 3~4달러 절감 주장",delivery,INDUSTRY-GLOBAL;라스트마일;물류자동화
106ad409,2026-08-11,2026-08-01,Uber Eats,GLOBAL,"[EN] 우버, 자율주행 파트너 30곳 이상 확보… 이츠 배달로봇도 포함","Uber is building an autonomous vehicle empire, and here's every company it's using to do it",TechCrunch,https://techcrunch.com/2026/08/01/ubers-autonomous-vehicle-deal-tracker/,"우버, 2년간 자율주행 기업 30여 곳과 제휴·직접 투자 | 서브·스타십·코코·에브라이드 등 이츠 배달로봇 파트너 다수",delivery,Uber Eats;자율주행;배달로봇
3dc1a94b,2026-08-11,2026-08-06,Swiggy,GLOBAL,"[EN] 스위기, FY31 비전 공개… GOV 3배 이상 확대 목표",Swiggy shares rise 6% as firm unveils FY31 vision,Business Today,https://www.businesstoday.in/markets/stocks/story/swiggy-shares-rise-6-as-firm-unveils-fy31-vision-547576-2026-08-06,"FY31까지 GOV 약 2조5천억 루피·조정 EBITDA 1만 크로르 목표 | 음식배달 GOV 최대 3배 이상 성장 전망, 주가 6% 상승",business,Swiggy;실적전망;인도
8efc0591,2026-08-11,2026-08-10,INDUSTRY-KR,KR,[KO] 배민 독주 흔드는 쿠팡이츠·컬리나우…퀵커머스 '입점 경쟁' 불붙었다,배민 독주 흔드는 쿠팡이츠·컬리나우…퀵커머스 '입점 경쟁' 불붙었다,이데일리,https://www.edaily.co.kr/News/Read?mediaCodeNo=257&newsId=03473526645546008,"퀵커머스 경쟁축이 배송속도에서 입점 파트너 확보로 이동 | 배민 B마트 PPC 80곳, 쿠팡이츠 GS25 강남3구 시범",business,INDUSTRY-KR;퀵커머스;입점경쟁
c23a4738,2026-08-11,2026-08-10,배달의민족,KR,"[KO] 배달의민족, 주문접수채널 '제안 시간' 기능 오픈",[공지] 주문접수채널 '제안시간' 기능 오픈 안내,배민 사장님광장,https://ceo.baemin.com/notice/14642,배민배달 주문접수 준비시간 기본값이 '제안 시간'으로 변경 | 8월 19일 적용·1분 단위 조정 및 해제 가능,product,배달의민족;주문접수;준비시간
e1437a56,2026-08-12,2026-08-04,Grab,GLOBAL,"[EN] Grab CFO, AI로 상품 출시 속도 30% 이상 향상됐다고 밝혀",Grab Says AI Helps Company Move Items 30% Faster,PYMNTS.com,https://www.pymnts.com/news/artificial-intelligence/2026/grab-says-ai-helps-company-move-items-30percent-faster/,"Grab, AI 도입으로 제품 출시 속도 30% 이상 단축 | 2분기 실적 호조로 연간 전망 상향",tech,Grab;AI;개발생산성
54f51f6d,2026-08-12,2026-08-11,Just Eat Takeaway,GLOBAL,"[EN] Just Eat Takeaway, 유럽 전역에 AI 음성 어시스턴트 출시",Just Eat Takeaway.com launches AI Voice Assistant across Europe to make discovering your next order as easy as having a conversation,Just Eat Takeaway.com Newsroom,https://newsroom.justeattakeaway.com/en-WW/269108-just-eat-takeaway-com-launches-ai-voice-assistant-across-europe-to-make-discovering-your-next-order-as-easy-as-having-a-conversation/,"Just Eat Takeaway, 유럽 전역 대화형 AI 음성 어시스턴트 출시 | 영국서 텍스트 AI 대비 탐색 40% 빨라",product,Just Eat Takeaway;AI;음성어시스턴트
1cc36157,2026-08-12,2026-08-05,iFood,GLOBAL,"[PT] iFood, 카이샤와 제휴해 배달원 신용대출 접근성 확대",Nova parceria entre Caixa e iFood facilita acesso a crédito para entregadores,InfoMoney,https://www.infomoney.com.br/mercados/nova-parceria-entre-caixa-e-ifood-facilita-acesso-a-credito-para-entregadores/,"iFood-카이샤 제휴, 배달원 오토바이·전동자전거 대출 지원 | 플랫폼 수익 데이터로 신용 심사",delivery,iFood;금융지원;카이샤
89cb0948,2026-08-12,2026-08-06,INDUSTRY-GLOBAL,GLOBAL,"[EN] 뉴욕시 배달앱 고객데이터 공유 의무화법, 항소법원서 위헌 판결","NYC Law on Sharing Food Delivery Apps' Data Is Unconstitutional, Appeals Court Rules",Insurance Journal,https://www.insurancejournal.com/news/east/2026/08/06/880439.htm,"2심 법원, 뉴욕시 배달앱 고객정보 공유 의무화법 위헌 판결 | 도어대시·그럽허브·우버이츠 표현자유 침해 인정",business,INDUSTRY-GLOBAL;규제;개인정보
a7be6122,2026-08-12,2026-08-06,Google,GLOBAL,"[EN] 구글 지도, 음식주문·호텔예약 등 에이전틱 기능 대거 추가","Google Maps adds agentic features, including food ordering and hotel bookings",TechCrunch,https://techcrunch.com/2026/08/06/google-maps-adds-agentic-features-including-food-ordering-and-hotel-bookings/,구글맵 Ask Maps에 음식주문·호텔예약·공연티켓 기능 추가 | Gmail·캘린더 연동 개인화 지원,product,Google;구글맵;AI에이전트
7085ce4b,2026-08-13,2026-08-06,쿠팡이츠,KR,[KO] 쿠팡·쿠팡이츠 7월 결제추정금액 7.2조 '역대 최대',쿠팡·쿠팡이츠 7월 결제추정금액 7.2조 '역대 최대',아시아경제,https://www.asiae.co.kr/article/2026080608433294308,"7월 쿠팡 결제추정금액 6조1100억원으로 역대 최대 | 쿠팡이츠는 1조1800억원, 전년비 21% 증가",business,쿠팡;쿠팡이츠;결제액
ddb565d6,2026-08-13,2026-08-09,INDUSTRY-KR,KR,[KO] 배민·쿠팡이츠 양강 구도 속 공공배달 앱 성장 정체…경쟁 활성화 방안은?,배민·쿠팡이츠 양강 구도 속 공공배달 앱 성장 정체…경쟁 활성화 방안은?,전자신문,https://www.etnews.com/20260806000277,배민·쿠팡이츠 7월 MAU 나란히 역대 최대 기록 | 땡겨요·먹깨비 등 공공배달앱은 정점 대비 30%가량 감소,business,INDUSTRY-KR;공공배달앱;MAU
e778bc14,2026-08-13,2026-08-10,부릉,KR,[KO] 라이더 최적동선 짜주니 상점도착 3.5분 단축…부릉 'AI의 힘',라이더 최적동선 짜주니 상점도착 3.5분 단축…부릉 ‘AI의 힘’,아시아투데이,https://www.asiatoday.co.kr/kn/view.php?key=20260808010002545,"AI 배차 100일, 상점 도착 12.7분→9.2분 단축 | 정시 배달률·SLA 개선, 라이더 쏠림도 완화",delivery,부릉;AI배차;라이더
77cfca17,2026-08-13,2026-08-07,Instacart,GLOBAL,"[EN] 인스타카트 2분기 매출 14% 증가, AI·리테일 기술 확장","Instacart sales climb 14% as grocery platform expands AI, retail technology",Supermarket News,https://www.supermarketnews.com/finance/instacart-sales-climb-14-as-grocery-platform-expands-ai-retail-technology,2분기 GTV 103.5억 달러로 14% 증가 | 아팔루스 인수·제미나이 연동 등 AI 확장,business,Instacart;실적;AI
648c5f06,2026-08-13,2026-08-12,Just Eat Takeaway,GLOBAL,"[EN] 저스트잇테이크어웨이, 불가리아 사업 철수 결정",Just Eat Takeaway.com intends to cease operations in Bulgaria,Just Eat Takeaway.com Newsroom,https://newsroom.justeattakeaway.com/en-WW/269155-just-eat-takeaway-com-intends-to-cease-operations-in-bulgaria/,"9월 15일자로 불가리아 전 배달 운영 중단 계획 | 직원 220명·라이더 480명 영향, 수익 시장에 집중",business,Just Eat Takeaway;시장철수;불가리아
14e706dc,2026-08-13,2026-08-12,요기요,KR,"[KO] 요기요, 할인랭킹 '주문당 최대 구매수량' 제한 기능 추가",할인랭킹 주문당 구매 수량 제한 기능 안내,요기요 사장님포털,https://partner.yogiyo.co.kr/content/view/할인랭킹_주문당최대구매수량,"요기요, 할인랭킹 상품에 주문당 최대 구매수량 제한 신설 | 8월 12일 적용·1~5개 또는 제한 없음 선택",product,요기요;할인랭킹;가게관리
73c79396,2026-08-20,2026-08-14,배달의민족,KR,"[KO] 배달의민족, 리뷰 작성 고객 재주문 할인 기능 전국 확대",[공지] '재주문금액 할인 기능' 전국 확대 안내,배민 사장님광장,https://ceo.baemin.com/notice/14649,"배민, 리뷰 작성 고객 재주문 시 자동 할인 기능 전국 확대 | 8월 24일 13시 적용·6월부터 서울 선적용",product,배달의민족;리뷰;할인
20a19858,2026-08-20,2026-08-19,쿠팡이츠,KR,"[KO] [단독] 쿠팡이츠, 2024년 종료했던 '도착 보장' 서비스 재도입한다","[단독]쿠팡이츠, 2024년 종료했던 '도착 보장' 서비스 재도입한다",이데일리,https://www.edaily.co.kr/News/Read?mediaCodeNo=257&newsId=03893366645548960,"와우회원 대상 도착보장쿠폰 시범운영, 비용 전액 부담 | 무료배달 경쟁이 정시성 품질 경쟁으로 이동",product,쿠팡;쿠팡이츠;도착보장
c631280c,2026-08-20,2026-08-12,컬리,KR,[KO] 컬리 2분기 매출 7348억·영업익 274억…역대 최대 실적,컬리 2분기 매출 7348억·영업익 274억…역대 최대 실적,푸드투데이,https://www.foodtoday.or.kr/news/article.html?no=207131,"2분기 매출 27% 증가, 영업익 274억으로 역대 최대 | 3P·FBK 수수료 매출 확대가 수익성 개선 견인",business,컬리;실적;퀵커머스
45c058d6,2026-08-20,2026-08-17,Uber Eats,GLOBAL,"[EN] 우버, 집라인 드론을 우버이츠 배달망에 투입",Uber adds Zipline drones to its Eats delivery network,TechCrunch,https://techcrunch.com/2026/08/17/uber-adds-zipline-drones-to-its-eats-delivery-network/,"집라인 투자·제휴로 연내 우버이츠 드론 배달 개시 | 2029년까지 하루 100만건, 5~10분 배달 목표",delivery,Uber Eats;드론배달;Zipline
cab5374b,2026-08-20,2026-08-12,DoorDash,GLOBAL,"[EN] 도어대시 'Flux', 월 13만 작업·주 2.5만 코드리뷰 처리하는 클라우드 에이전트 플랫폼","DoorDash Flux: Cloud Agents, 130k Tasks, 25k Reviews a Week",explainx.ai,https://explainx.ai/blog/doordash-flux-cloud-agents-platform-august-2026,"사내 클라우드 에이전트 플랫폼 Flux 공개 | 월 13만 작업·주 2.5만 코드리뷰, 보안 가드레일 내재화",tech,DoorDash;AI에이전트;개발생산성
44d9d985,2026-08-20,2026-08-19,Gopuff,GLOBAL,"[EN] 고퍼프, 주문 데이터 기반 PB 시즌 한정 상품 확대",Gopuff adds to private label brands,Supermarket News,https://www.supermarketnews.com/private-label/gopuff-adds-to-private-label-brands,"주문·검색 데이터로 가을 한정 PB 신상품 대량 출시 | PB 매출 YTD 20% 성장, 주문 5건 중 1건 포함",product,Gopuff;PB상품;퀵커머스
77edcce5,2026-08-20,2026-08-18,Swiggy,GLOBAL,"[EN] 스위기, 식당 파트너용 24시간 AI 비서 '구루' 출시",Swiggy launches its 24x7 AI-powered assistant 'Guru' on Swiggy's restaurant partner app across 720+ cities,The Tech Outlook,https://www.thetechoutlook.com/new-release/software-apps/swiggy-launches-its-24x7-ai-powered-assistant-guru-on-swiggys-restaurant-partner-app-across-720-cities/,"정산·광고·메뉴 관리를 대화형으로 처리하는 AI 파트너 도입 | 720개 도시 27만 식당 대상, 20개 이상 현지어 지원",tech,Swiggy;AI;파트너도구
befa40b4,2026-08-20,2026-08-19,Zomato,GLOBAL,"[EN] 조마토 주문, 건당 10~30루피 인상 가능성",Zomato orders may get ₹10-30 costlier: Why,News Karnataka,https://newskarnataka.com/business/zomato-orders-may-get-%e2%82%b910-30-costlier-why/19082026/,플랫폼·배달 수수료 조정으로 결제액 10~30루피 상승 전망 | 수익성 개선 압박에 소액 주문 체감 부담 가장 커,business,Zomato;수수료;수익성
28c356d8,2026-08-20,2026-08-13,Delivery Hero,GLOBAL,"[EN] 딜리버리히어로, 소상공인용 에이전틱 AI 어시스턴트 출시",Delivery Hero launches agentic AI assistant to help local shops and restaurants grow faster,Delivery Hero Newsroom,https://www.deliveryhero.com/newsroom/delivery-hero-launches-agentic-ai-assistant-to-help-local-shops-and-restaurants-grow-faster/,"왓츠앱 대화로 프로모션·광고·리뷰 응대·메뉴 개선을 승인 후 자동 실행 | 4만 개 매장 적용, 글로보에선 주문 15% 증가",product,Delivery Hero;AI;점주도구
ea2eddf8,2026-08-20,2026-08-17,Careem,GLOBAL,"[EN] 카림 푸드, UAE에서 케이터링 서비스 출시",Careem Food launches catering service in the UAE,Careem Blog,https://blog.careem.com/posts/careem-food-launches-catering-service-in-the-uae,"두바이·아부다비에서 20여 개 케이터링 업체 앱 예약 오픈 | 24~72시간 전 사전예약, 최소주문 350디르함",product,Careem;케이터링;UAE
b1d4c353,2026-08-24,2026-08-14,배달의민족,KR,"[KO] 배민, 2026년 하반기 중소상공인 우대수수료 적용",[공지] 2026년 중소상공인 우대수수료 하반기 적용 안내,배민 사장님광장,https://ceo.baemin.com/notice/14644,"배민, 하반기 중소상공인 우대수수료 차등 인하 적용 | 8월 14일 승인건부터·매출 30억 이하 4개 구간",business,배달의민족;수수료;중소상공인
f32f1ff9,2026-08-24,2026-08-19,INDUSTRY-KR,KR,[KO] [배달업계 퀵커머스 전쟁] 음식 넘어 생필품도 30분 배송…'생활밀착'으로 6조 시장 잡아라,[배달업계 퀵커머스 전쟁] 음식 넘어 생필품도 30분 배송…'생활밀착'으로 6조 시장 잡아라,아주경제,https://www.ajunews.com/view/20260819121515419,"음식배달 성장 둔화에 배달앱들 퀵커머스로 확장 | 국내 시장 2031년 6조원대 전망, B마트 4년새 85%↑",business,INDUSTRY-KR;퀵커머스;쿠팡
ac584cbc,2026-08-24,2026-08-17,DoorDash,GLOBAL,"[EN] 서브로보틱스, 그럽허브와 로봇배달 제휴…도어대시와 2개 도시 추가 확장","Serve Launches Robot Delivery with Wonder, Adding Grubhub to Its Growing Delivery Network",Serve Robotics (SEC 8-K press release),https://www.sec.gov/Archives/edgar/data/0001832483/000121390026090504/ea030212201ex99-1.htm,"서브 로봇배달, 그럽허브 마켓플레이스에 시카고·LA·알렉산드리아 투입 | 도어대시와 워싱턴DC·산호세 신규 진출",delivery,DoorDash;Serve Robotics;Grubhub
ac5d8a8f,2026-08-25,2026-08-18,Just Eat Takeaway,GLOBAL,"[EN] 저스트잇, 런드리힙과 손잡고 첫 비(非)배달 서비스 출시",DID SOMEBODY SAY… DRY CLEANING AND DINNER,Just Eat Takeaway.com Newsroom,https://newsroom.justeattakeaway.com/en-GB/269344-did-somebody-say-dry-cleaning-and-dinner/,"앱에서 세탁·드라이클리닝 예약, 24시간 내 회수·배송 완료 | 런던 우선 개시 후 6개월 내 3개 도시 확대 예정",partnership,Just Eat Takeaway;런드리힙;버티컬확장
0f2ae147,2026-08-25,2026-08-24,Zomato,GLOBAL,"[EN] 이터널, '조마토 나우'로 퀵 음식배달 세 번째 도전",Eternal makes third attempt at quick food delivery with 'Zomato Now',MediaNama,https://www.medianama.com/2026/08/223-eternal-food-delivery-zomato-now/,구르가온 오피스에 신선식품 자판기 파드 설치해 0분 배달 표방 | 조마토 퀵·에브리데이 종료 후 세 번째 퀵 음식배달 시도,product,Zomato;퀵커머스;인도
0d92055a,2026-08-26,2026-08-25,배달의민족,KR,[KO] 배민 사장님 '바쁨상태' 전국 오픈…준비시간 자동 가산,[공지] 주문이 몰릴 때 활용 가능한 '바쁨상태' 전국 오픈,배민 사장님광장,https://ceo.baemin.com/notice/14657,주문접수채널서 바쁨상태 설정 시 준비시간 5~15분 자동 추가 | 8월 27일 오픈·1시간 유지·복수 가게는 제한,product,배달의민족;주문접수;운영관리
59a8025f,2026-08-26,2026-08-25,배달의민족,KR,"[KO] 배달의민족, 미식 가이드 '민트스타' 전국 4000곳 확대…서울 2500곳 포함","배달의민족, 미식 가이드 '민트스타' 전국 4000곳 확대…서울 2500곳 포함",퍼블릭뉴스통신,http://www.ttlnews.com/news/articleView.html?idxno=3136829,"배민 데이터 기반 미식 가이드 '민트스타' 25일 전국 오픈 | 서울 2500곳 포함 약 4000곳, 배지·전용 큐레이션 지면 제공",product,배달의민족;맛집큐레이션;로컬상권
a2702baf,2026-08-26,2026-08-25,배달의민족,KR,"[KO] “몇 번 시켜 먹으면 고향 못 가”…늘어나는 외국인 배달 결제, 판 더 키운다","“몇 번 시켜 먹으면 고향 못 가”…늘어나는 외국인 배달 결제, 판 더 키운다",매일경제,https://v.daum.net/v/20260825195701324,1~7월 배민 외국인 결제액 45.7%·이용 건수 29% 증가 | 다국어·애플페이·해외카드 등 결제 문턱 낮추기 경쟁,business,배달의민족;외국인고객;결제
acb3354f,2026-08-26,2026-08-24,Uber Eats,GLOBAL,"[EN] 우버이츠, 코코로보틱스와 EU 첫 로봇 배달…헬싱키서 시작",Uber Eat set to launch robot deliveries with Coco Robotics in EU market with Finland up first,Retail Technology Innovation Hub,https://retailtechinnovationhub.com/home/2026/8/24/uber-eat-set-to-launch-robot-deliveries-with-coco-robotics-in-eu-market-with-finland-up-first,"우버이츠, 헬싱키 도심에서 EU 첫 자율주행 로봇 배달 개시 | 핀란드 3개월 만에 11개 도시로 확대, 앱에서 로봇 추적",delivery,Uber Eats;로봇배달;핀란드
ade535ed,2026-08-26,2026-08-24,Wolt,GLOBAL,[DE] 볼트마켓·알나투라 협력 확대…독일 8개 도시에 온라인 유기농 마트 개시,Wolt Market und Alnatura bauen Zusammenarbeit aus: Neuer Online-Biomarkt startet in acht deutschen Städten,Wolt Newsroom,https://press.wolt.com/de-DE/269511-wolt-market-und-alnatura-bauen-zusammenarbeit-aus-neuer-online-biomarkt-startet-in-acht-deutschen-stadten/,베를린·뮌헨 등 8개 도시에 볼트 바이오 마켓 15곳 동시 오픈 | 알나투라 중심 최대 1800종 유기농 상품 취급,partnership,Wolt;퀵커머스;독일
6ebf6a1a,2026-08-26,2026-08-25,Instacart,GLOBAL,"[EN] Instacart, 결제 후에도 가족 계정 구성원이 주문 함께 수정하는 기능 도입",Order collaboration for family accounts,Instacart Storefront Changelog,https://docs.instacart.com/storefront/releases/2026_08_0_release_notes#order-collaboration-for-family-accounts,"Instacart, 결제 후 가족 구성원이 품목 수정·대체 결정·쇼퍼 채팅 가능 | 주문자가 협업 허용·차단 통제·행위자 아바타 표시",product,Instacart;가족계정;주문관리
3f919b2b,2026-08-27,2026-08-26,컬리,KR,"[KO] 컬리, 새벽배송 업체서 '물류 플랫폼'으로 거듭난다…네이버 손잡고 사업모델 전환에 박차","컬리, 새벽배송 업체서 '물류 플랫폼'으로 거듭난다…네이버 손잡고 사업모델 전환에 박차",인더스트리뉴스,https://www.industrynews.co.kr/news/articleView.html?idxno=85016,"3P·FBK 확대와 네이버 NFA 참여로 외부 물량까지 흡수 | 2분기 매출 7348억·영업이익 274억, 6개 분기 연속 흑자",business,컬리;네이버;풀필먼트
b1c7b24f,2026-08-27,2026-08-24,INDUSTRY-GLOBAL,GLOBAL,[EN] 소비 위축에도 배달은 견조…도어대시 CFO가 밝힌 이유,"DoorDash, Uber Eats and Instacart Are Thriving as Consumers Cut Back Elsewhere: DASH CFO Explains Why",Benzinga,https://www.benzinga.com/news/restaurants/26/08/61376756/consumers-cut-spending-food-delivery-stays-resilient,미국 소매판매 감소에도 배달 3사 매출 성장세 지속 | 주 21끼 필수재 성격과 편의성 프리미엄이 배경,business,INDUSTRY-GLOBAL;DoorDash;소비트렌드
49b23b0e,2026-08-27,2026-08-19,INDUSTRY-GLOBAL,GLOBAL,[EN] 기존 오프라인 매장이 퀵커머스 다크스토어에 맞설 수 있을까,Can existing retail stores challenge dark stores in quick-commerce race?,Business Standard,https://www.business-standard.com/industry/news/quick-commerce-retail-stores-dark-stores-cost-economics-tier-2-cities-126081900192_1.html,"인도 전통 유통사가 기존 점포를 퀵커머스 풀필먼트 거점으로 전환 | 2·3선 도시는 점포형, 고밀도 대도시는 다크스토어로 이원화 전망",delivery,INDUSTRY-GLOBAL;퀵커머스;다크스토어
e6afed46,2026-08-31,2026-08-30,INDUSTRY-KR,KR,"[KO] '즉시 배송' 퀵커머스 키우는 SSM, 매출 두 자릿수 증가세","'즉시 배송' 퀵커머스 키우는 SSM, 매출 두 자릿수 증가세",한국경제,https://www.hankyung.com/article/2026083019801,"롯데슈퍼, 쿠팡이츠와 손잡고 2년3개월 만에 퀵커머스 재진입 | GS더프레시 상반기 퀵커머스 매출 41.9% 증가",business,INDUSTRY-KR;퀵커머스;SSM
67bd6878,2026-08-31,2026-08-26,Uber Eats,GLOBAL,"[EN] 우버이츠, 가맹점용 AI 도구·라이브 주문 채팅 도입",Smarter Tools for Restaurants to Help Them Thrive,Uber Newsroom,https://www.uber.com/us/en/newsroom/merchant-product/,리뷰 요약·메뉴 설명 자동생성·음식 사진 보정 AI 기능 출시 | 주문 접수 후 고객과 실시간 대화하는 라이브 주문 채팅 추가,product,Uber Eats;AI;가맹점
489ba6b9,2026-08-31,2026-08-27,Delivery Hero,GLOBAL,"[EN] 딜리버리히어로, 성장 가속에 2026년 연간 가이던스 상향",Delivery Hero raises full-year 2026 guidance as Everyday App strategy drives further acceleration in growth,Delivery Hero Newsroom,https://www.deliveryhero.com/newsroom/delivery-hero-raises-full-year-2026-guidance-as-everyday-app-strategy-drives-further-acceleration-in-growth/,"2분기 GMV 11.3%·매출 17.7% 성장, 4개 지표 가이던스 모두 상향 | 퀵커머스 GMV 32% 급증, Dmart 주문 39% 증가",business,Delivery Hero;실적;퀵커머스
091cfd1e,2026-08-31,2026-08-24,出前館,GLOBAL,"[JP] 데마에칸, 시부야 사사즈카서 자율주행 로봇 배달 실증 개시",出前館、渋谷区笹塚エリアで自律走行ロボットを活用したフードデリバリー実証をスタート,出前館 コーポレートニュース,https://corporate.demae-can.co.jp/pr/news/20260824_shibuyarobot.html,"뉴빌리티 로봇 Neubie로 8월 24일~9월 30일 배달 실증 진행 | 데마에칸의 첫 도쿄 도심 실증, 반경 300m에서 1km로 확대",delivery,出前館;자율주행로봇;일본
79375bf9,2026-08-31,2026-08-25,Instacart,GLOBAL,"[EN] 인스타카트, 상품별 취향 지정 '프리퍼런스 피커' 도입",Preference Picker,Instacart Storefront Changelog,https://docs.instacart.com/storefront/releases/2026_08_0_release_notes#preference-picker,"바나나·아보카도 숙성도, 델리 육류 두께 지정 기능 | 피킹 완료 후 반영 여부 고객에 통보·요청 시 적용",product,Instacart;그로서리;개인화
f4e5f913,2026-08-31,2026-08-25,Instacart,GLOBAL,"[EN] 인스타카트, 대체상품 최대 3개까지 사전 지정 가능",Multiple replacement options,Instacart Storefront Changelog,https://docs.instacart.com/storefront/releases/2026_08_0_release_notes#multiple-replacement-options,품절 대비 백업 상품 기존 1개에서 최대 3개로 확대 | 쇼퍼가 저장된 후보 중 선택·환불 감소 기대,product,Instacart;그로서리;장바구니
bf0124bf,2026-08-31,2026-08-25,Instacart,GLOBAL,"[EN] 인스타카트, 영양 중심 상품 추천 캐러셀 신설",Nutritious choice carousel,Instacart Storefront Changelog,https://docs.instacart.com/storefront/releases/2026_08_0_release_notes#nutritious-choice-carousel,구매이력 기반 영양 풍부 카테고리 캐러셀 최대 3개 노출 | 기본 적용·리테일러 요청 시 비활성화,product,Instacart;개인화;추천
3773a274,2026-09-01,2026-08-30,배달의민족,KR,[KO] 배민 앱 개편…취향 맞는 음식 더 쉽게 찾는다,배민 앱 개편…취향 맞는 음식 더 쉽게 찾는다,전자신문,https://v.daum.net/v/9gzr2nXSmn,9월 8일 이용자 1% 대상 메인홈 통합 개편 테스트 | 개인화 '오늘의 발견' 신설·AI 자연어 검색 도입 추진,product,배달의민족;앱개편;개인화추천
05ef5c53,2026-09-01,2026-08-31,배달의민족,KR,"[KO] 우아한형제들, 배달·장보기 한 화면에…커머스 확장 속도","우아한형제들, 배달·장보기 한 화면에…커머스 확장 속도",토요경제,http://sateconomy.co.kr/news/view/1065595225356424,"입점형 장보기·쇼핑 매출 전년비 84% 성장 | B마트 1분기 거래액 36% 증가, 수익성은 과제",business,배달의민족;B마트;퀵커머스
a249e64b,2026-09-01,2026-08-31,배달의민족,KR,"[KO] 배민, 화이트해커와 앱 보안 취약점 찾는다…버그바운티 포상금 2배 확대","배민, 화이트해커와 앱 보안 취약점 찾는다…버그바운티 포상금 2배 확대",중앙이코노미뉴스,https://www.joongangenews.com/news/articleView.html?idxno=543963,"9월 14일부터 3개월간 버그바운티 진행, 배민이 직접 운영 | 점검 서비스 3개→6개, 최대 포상금 2배 상향",tech,배달의민족;보안;버그바운티
1aaa7764,2026-09-01,2026-08-31,배달의민족,KR,"[KO] 6개월 만에 멈춘 '배민온리'…처갓집양념치킨, 타 배달앱 영업 가능해져","6개월 만에 멈춘 '배민온리'…처갓집양념치킨, 타 배달앱 영업 가능해져",아시아경제,https://view.asiae.co.kr/article/2026082615394150521,"수수료 7.8%→3.5% 배타조건부 프로모션, 동의율 미달로 종료 | 점주협의회는 공정위 위법성 판단 계속 요구",business,배달의민족;배민온리;공정위
1c5381dc,2026-09-01,2026-08-31,컬리,KR,"[KO] 컬리, 네이버 손잡더니…'컬리N마트' 1년 만에 거래액 10배 폭증","컬리, 네이버 손잡더니…'컬리N마트' 1년 만에 거래액 10배 폭증",한국경제,https://www.hankyung.com/article/202608312812g,샛별배송·네이버 멤버십 무료배송으로 거래액 10배 성장 | 주문당 담는 품목 수도 1년 새 22% 증가,partnership,컬리;네이버;샛별배송
bd32b2a3,2026-09-01,2026-08-31,Meituan,GLOBAL,"[EN] 메이투안, 보조금 경쟁 완화로 흑자 전환","As price wars ease, Meituan swings into the black",Inside Retail Asia,https://insideretail.asia/2026/08/31/as-price-wars-ease-meituan-swings-into-the-black/,"2분기 매출 1046억위안, 전년비 14.4% 증가 | 조정 순이익 21.6억위안으로 1분기 적자에서 반전",business,Meituan;실적;즉시배송
4f534219,2026-09-01,2026-08-31,iFood,GLOBAL,"[PT] 아이푸드, 키타 약탈적 가격 혐의로 CADE 제소",iFood aciona o Cade e acusa Keeta de 'práticas predatórias'; rival fala em medo da concorrência,Diário do Grande ABC,https://www.dgabc.com.br/Noticia/4344269/ifood-aciona-o-cade-e-acusa-keeta-de-praticas-predatorias-rival-fala-em-medo-da-concorrencia,메이투안 자회사 키타의 원가 이하 판매 즉시 중단 예방조치 요구 | 키타는 독점 유지를 위한 물타기라고 반박,business,iFood;Keeta;규제
edd32958,2026-09-01,2026-08-28,iFood,GLOBAL,"[PT] 아이푸드, AI 에이전트 아일로에 에이전틱 결제 도입",iFood adota pagamento agêntico,Mobile Time,https://www.mobiletime.com.br/noticias/28/08/2026/ifood-pagamento-agentico/,"왓츠앱 챗봇 아일로가 카드 토큰을 미리 연동해 버튼 한 번으로 결제 | 자회사 Zoop 개발, 한 달 내 전체 이용자 확대",product,iFood;결제;AI
7a58a6f4,2026-09-01,2026-08-18,iFood,GLOBAL,"[PT] 아이푸드 베네피시오스, AI 스킬 50종 6만5천 고객사에 무료 개방",iFood Benefícios abre 50 skills de IA para 65 mil clientes,Mundo RH,https://mundorh.com.br/ifood-beneficios-abre-50-skills-de-ia-para-65-mil-clientes/,사내에서 검증한 HR용 AI 스킬 50여종을 고객사에 무상 제공 | 360도 평가·임금 형평성·이직 비용 계산 등 포함,tech,iFood;AI;HR
ce34d06c,2026-09-01,2026-08-31,배달의민족,KR,"[KO] 배달의민족, 우리가게NOW 개편·운영지표 3종 신설",[공지] 우리가게NOW 개편 안내,배민 사장님광장,https://ceo.baemin.com/notice/14669,"영업시간 운영률·주문취소율·준비시간 정확도 지표 신설로 6개 지표 제공 | 배민배달 파트너 대상·셀프서비스 9월 2일, 주문접수PC 9월 15일 적용",product,배달의민족;운영지표;셀프서비스
442f59d5,2026-09-01,2026-08-25,iFood,GLOBAL,"[PT] iFood, 체인 단위 주문 KPI 조회 엔드포인트 신설",Novo endpoint de consulta por rede (chain),iFood Developer Changelog,https://developer.ifood.com.br/pt-BR/docs/changelog.md#2026-08-25,"iFood, 프랜차이즈 체인 전체 주문 KPI 집계 엔드포인트 신설 | 체인 내 매장 ID 필터·그룹화 지원",tech,iFood;API;애널리틱스
